{
  "index-version" : 2,
  "files" : [
    {
      "filename" : "ImplementationGuide-hl7.eu.fhir.unicom.json",
      "resourceType" : "ImplementationGuide",
      "id" : "hl7.eu.fhir.unicom",
      "url" : "http://unicom-project.eu/fhir/ImplementationGuide/hl7.eu.fhir.unicom",
      "version" : "0.1.0"
    },
    {
      "filename" : "CodeSystem-material-ema-cs.json",
      "resourceType" : "CodeSystem",
      "id" : "material-ema-cs",
      "url" : "https://spor.ema.europa.eu/v1/lists/200000003199",
      "version" : "0.1.0",
      "content" : "complete"
    },
    {
      "filename" : "StructureDefinition-PPLIngredient.json",
      "resourceType" : "StructureDefinition",
      "id" : "PPLIngredient",
      "url" : "http://unicom-project.eu/fhir/StructureDefinition/PPLIngredient",
      "version" : "0.1.0",
      "kind" : "resource",
      "type" : "Ingredient"
    },
    {
      "filename" : "CodeSystem-recordStatus-ema-cs.json",
      "resourceType" : "CodeSystem",
      "id" : "recordStatus-ema-cs",
      "url" : "https://spor.ema.europa.eu/v1/lists/200000005003",
      "version" : "0.1.0",
      "content" : "complete"
    },
    {
      "filename" : "StructureDefinition-QT.json",
      "resourceType" : "StructureDefinition",
      "id" : "QT",
      "url" : "http://unicom-project.eu/fhir/StructureDefinition/QT",
      "version" : "0.1.0",
      "kind" : "complex-type",
      "type" : "Element"
    },
    {
      "filename" : "ValueSet-unit-of-measurement-vs.json",
      "resourceType" : "ValueSet",
      "id" : "unit-of-measurement-vs",
      "url" : "http://unicom-project.eu/fhir/ValueSet/unit-of-measurement-vs",
      "version" : "0.1.0"
    },
    {
      "filename" : "StructureDefinition-TransitionManufacturedItemDefinition.json",
      "resourceType" : "StructureDefinition",
      "id" : "TransitionManufacturedItemDefinition",
      "url" : "http://unicom-project.eu/fhir/StructureDefinition/TransitionManufacturedItemDefinition",
      "version" : "0.1.0",
      "kind" : "resource",
      "type" : "ManufacturedItemDefinition"
    },
    {
      "filename" : "CodeSystem-combined-term-ema-cs.json",
      "resourceType" : "CodeSystem",
      "id" : "combined-term-ema-cs",
      "url" : "https://spor.ema.europa.eu/v1/lists/200000000007",
      "version" : "0.1.0",
      "content" : "complete"
    },
    {
      "filename" : "ValueSet-transformation.json",
      "resourceType" : "ValueSet",
      "id" : "transformation",
      "url" : "http://unicom-project.eu/fhir/ValueSet/transformation",
      "version" : "0.1.0"
    },
    {
      "filename" : "ValueSet-closure.json",
      "resourceType" : "ValueSet",
      "id" : "closure",
      "url" : "http://unicom-project.eu/fhir/ValueSet/closure",
      "version" : "0.1.0"
    },
    {
      "filename" : "ValueSet-no-vs.json",
      "resourceType" : "ValueSet",
      "id" : "no-vs",
      "url" : "http://unicom-project.eu/fhir/ValueSet/no-vs",
      "version" : "0.1.0"
    },
    {
      "filename" : "StructureDefinition-PPLOrganization.json",
      "resourceType" : "StructureDefinition",
      "id" : "PPLOrganization",
      "url" : "http://unicom-project.eu/fhir/StructureDefinition/PPLOrganization",
      "version" : "0.1.0",
      "kind" : "resource",
      "type" : "Organization"
    },
    {
      "filename" : "ValueSet-country-iso-vs.json",
      "resourceType" : "ValueSet",
      "id" : "country-iso-vs",
      "url" : "http://unicom-project.eu/fhir/ValueSet/country-iso-vs",
      "version" : "0.1.0"
    },
    {
      "filename" : "ValueSet-ehdsi-ucum-unit.json",
      "resourceType" : "ValueSet",
      "id" : "ehdsi-ucum-unit",
      "url" : "http://unicom-project.eu/fhir/ValueSet/ehdsi-ucum-unit",
      "version" : "0.1.0"
    },
    {
      "filename" : "ValueSet-substances-vs.json",
      "resourceType" : "ValueSet",
      "id" : "substances-vs",
      "url" : "http://unicom-project.eu/fhir/ValueSet/substances-vs",
      "version" : "0.1.0"
    },
    {
      "filename" : "ValueSet-unit-of-presentation.json",
      "resourceType" : "ValueSet",
      "id" : "unit-of-presentation",
      "url" : "http://unicom-project.eu/fhir/ValueSet/unit-of-presentation",
      "version" : "0.1.0"
    },
    {
      "filename" : "StructureDefinition-TransitionAdministrableProductDefinition.json",
      "resourceType" : "StructureDefinition",
      "id" : "TransitionAdministrableProductDefinition",
      "url" : "http://unicom-project.eu/fhir/StructureDefinition/TransitionAdministrableProductDefinition",
      "version" : "0.1.0",
      "kind" : "resource",
      "type" : "AdministrableProductDefinition"
    },
    {
      "filename" : "StructureDefinition-FullMedicinalProduct.json",
      "resourceType" : "StructureDefinition",
      "id" : "FullMedicinalProduct",
      "url" : "http://unicom-project.eu/fhir/StructureDefinition/FullMedicinalProduct",
      "version" : "0.1.0",
      "kind" : "logical",
      "type" : "http://unicom-project.eu/fhir/StructureDefinition/FullMedicinalProduct"
    },
    {
      "filename" : "CodeSystem-unit-of-presentation-ema-cs.json",
      "resourceType" : "CodeSystem",
      "id" : "unit-of-presentation-ema-cs",
      "url" : "https://spor.ema.europa.eu/v1/lists/200000000014",
      "version" : "0.1.0",
      "content" : "complete"
    },
    {
      "filename" : "ValueSet-release-characteristics.json",
      "resourceType" : "ValueSet",
      "id" : "release-characteristics",
      "url" : "http://unicom-project.eu/fhir/ValueSet/release-characteristics",
      "version" : "0.1.0"
    },
    {
      "filename" : "StructureDefinition-PPLRegulatedAuthorization.json",
      "resourceType" : "StructureDefinition",
      "id" : "PPLRegulatedAuthorization",
      "url" : "http://unicom-project.eu/fhir/StructureDefinition/PPLRegulatedAuthorization",
      "version" : "0.1.0",
      "kind" : "resource",
      "type" : "RegulatedAuthorization"
    },
    {
      "filename" : "ValueSet-patient-friendly-term.json",
      "resourceType" : "ValueSet",
      "id" : "patient-friendly-term",
      "url" : "http://unicom-project.eu/fhir/ValueSet/patient-friendly-term",
      "version" : "0.1.0"
    },
    {
      "filename" : "StructureDefinition-PPLAdministrableProductDefinition.json",
      "resourceType" : "StructureDefinition",
      "id" : "PPLAdministrableProductDefinition",
      "url" : "http://unicom-project.eu/fhir/StructureDefinition/PPLAdministrableProductDefinition",
      "version" : "0.1.0",
      "kind" : "resource",
      "type" : "AdministrableProductDefinition"
    },
    {
      "filename" : "ValueSet-basic-dose-form.json",
      "resourceType" : "ValueSet",
      "id" : "basic-dose-form",
      "url" : "http://unicom-project.eu/fhir/ValueSet/basic-dose-form",
      "version" : "0.1.0"
    },
    {
      "filename" : "StructureDefinition-PPLMedicinalProductDefinition.json",
      "resourceType" : "StructureDefinition",
      "id" : "PPLMedicinalProductDefinition",
      "url" : "http://unicom-project.eu/fhir/StructureDefinition/PPLMedicinalProductDefinition",
      "version" : "0.1.0",
      "kind" : "resource",
      "type" : "MedicinalProductDefinition"
    },
    {
      "filename" : "CodeSystem-substance-sms-cs.json",
      "resourceType" : "CodeSystem",
      "id" : "substance-sms-cs",
      "url" : "https://spor.ema.europa.eu/v2/SubstanceDefinition",
      "version" : "0.1.0",
      "content" : "complete"
    },
    {
      "filename" : "ValueSet-route-of-administration.json",
      "resourceType" : "ValueSet",
      "id" : "route-of-administration",
      "url" : "http://unicom-project.eu/fhir/ValueSet/route-of-administration",
      "version" : "0.1.0"
    },
    {
      "filename" : "ValueSet-mapping.json",
      "resourceType" : "ValueSet",
      "id" : "mapping",
      "url" : "http://unicom-project.eu/fhir/ValueSet/mapping",
      "version" : "0.1.0"
    },
    {
      "filename" : "ValueSet-pharmaceutical-doseform-vs.json",
      "resourceType" : "ValueSet",
      "id" : "pharmaceutical-doseform-vs",
      "url" : "http://unicom-project.eu/fhir/ValueSet/pharmaceutical-doseform-vs",
      "version" : "0.1.0"
    },
    {
      "filename" : "ValueSet-administration-device.json",
      "resourceType" : "ValueSet",
      "id" : "administration-device",
      "url" : "http://unicom-project.eu/fhir/ValueSet/administration-device",
      "version" : "0.1.0"
    },
    {
      "filename" : "ValueSet-combined-pharmaceutical-dose-form.json",
      "resourceType" : "ValueSet",
      "id" : "combined-pharmaceutical-dose-form",
      "url" : "http://unicom-project.eu/fhir/ValueSet/combined-pharmaceutical-dose-form",
      "version" : "0.1.0"
    },
    {
      "filename" : "ValueSet-country-ema-vs.json",
      "resourceType" : "ValueSet",
      "id" : "country-ema-vs",
      "url" : "http://unicom-project.eu/fhir/ValueSet/country-ema-vs",
      "version" : "0.1.0"
    },
    {
      "filename" : "ValueSet-record-status-spor-vs.json",
      "resourceType" : "ValueSet",
      "id" : "record-status-spor-vs",
      "url" : "http://unicom-project.eu/fhir/ValueSet/record-status-spor-vs",
      "version" : "0.1.0"
    },
    {
      "filename" : "StructureDefinition-untyped.json",
      "resourceType" : "StructureDefinition",
      "id" : "untyped",
      "url" : "http://unicom-project.eu/fhir/StructureDefinition/untyped",
      "version" : "0.1.0",
      "kind" : "complex-type",
      "type" : "Element"
    },
    {
      "filename" : "CodeSystem-regulatoryStatus-ema-cs.json",
      "resourceType" : "CodeSystem",
      "id" : "regulatoryStatus-ema-cs",
      "url" : "https://spor.ema.europa.eu/v1/lists/100000072049",
      "version" : "0.1.0",
      "content" : "complete"
    },
    {
      "filename" : "ValueSet-material-vs.json",
      "resourceType" : "ValueSet",
      "id" : "material-vs",
      "url" : "http://unicom-project.eu/fhir/ValueSet/material-vs",
      "version" : "0.1.0"
    },
    {
      "filename" : "ValueSet-state-of-matter.json",
      "resourceType" : "ValueSet",
      "id" : "state-of-matter",
      "url" : "http://unicom-project.eu/fhir/ValueSet/state-of-matter",
      "version" : "0.1.0"
    },
    {
      "filename" : "CodeSystem-combination-package-ema-cs.json",
      "resourceType" : "CodeSystem",
      "id" : "combination-package-ema-cs",
      "url" : "https://spor.ema.europa.eu/v1/lists/200000000008",
      "version" : "0.1.0",
      "content" : "complete"
    },
    {
      "filename" : "CodeSystem-packaging-ema-cs.json",
      "resourceType" : "CodeSystem",
      "id" : "packaging-ema-cs",
      "url" : "https://spor.ema.europa.eu/v1/lists/100000073346",
      "version" : "0.1.0",
      "content" : "complete"
    },
    {
      "filename" : "ValueSet-legal-status-for-the-supply-vs.json",
      "resourceType" : "ValueSet",
      "id" : "legal-status-for-the-supply-vs",
      "url" : "http://unicom-project.eu/fhir/ValueSet/legal-status-for-the-supply-vs",
      "version" : "0.1.0"
    },
    {
      "filename" : "ValueSet-intended-site.json",
      "resourceType" : "ValueSet",
      "id" : "intended-site",
      "url" : "http://unicom-project.eu/fhir/ValueSet/intended-site",
      "version" : "0.1.0"
    },
    {
      "filename" : "CodeSystem-routes-and-methods-of-administration-ema-cs.json",
      "resourceType" : "CodeSystem",
      "id" : "routes-and-methods-of-administration-ema-cs",
      "url" : "https://spor.ema.europa.eu/v1/lists/100000073345",
      "version" : "0.1.0",
      "content" : "complete"
    },
    {
      "filename" : "StructureDefinition-II.json",
      "resourceType" : "StructureDefinition",
      "id" : "II",
      "url" : "http://unicom-project.eu/fhir/StructureDefinition/II",
      "version" : "0.1.0",
      "kind" : "complex-type",
      "type" : "Element"
    },
    {
      "filename" : "ValueSet-unit-of-presentation-vs.json",
      "resourceType" : "ValueSet",
      "id" : "unit-of-presentation-vs",
      "url" : "http://unicom-project.eu/fhir/ValueSet/unit-of-presentation-vs",
      "version" : "0.1.0"
    },
    {
      "filename" : "ValueSet-administration-method.json",
      "resourceType" : "ValueSet",
      "id" : "administration-method",
      "url" : "http://unicom-project.eu/fhir/ValueSet/administration-method",
      "version" : "0.1.0"
    },
    {
      "filename" : "StructureDefinition-TransitionRegulatedAuthorization.json",
      "resourceType" : "StructureDefinition",
      "id" : "TransitionRegulatedAuthorization",
      "url" : "http://unicom-project.eu/fhir/StructureDefinition/TransitionRegulatedAuthorization",
      "version" : "0.1.0",
      "kind" : "resource",
      "type" : "RegulatedAuthorization"
    },
    {
      "filename" : "CodeSystem-domain-ema-cs.json",
      "resourceType" : "CodeSystem",
      "id" : "domain-ema-cs",
      "url" : "https://spor.ema.europa.eu/v1/lists/100000000004",
      "version" : "0.1.0",
      "content" : "complete"
    },
    {
      "filename" : "ValueSet-pharmaceutical-dose-form.json",
      "resourceType" : "ValueSet",
      "id" : "pharmaceutical-dose-form",
      "url" : "http://unicom-project.eu/fhir/ValueSet/pharmaceutical-dose-form",
      "version" : "0.1.0"
    },
    {
      "filename" : "StructureDefinition-TransitionOrganization.json",
      "resourceType" : "StructureDefinition",
      "id" : "TransitionOrganization",
      "url" : "http://unicom-project.eu/fhir/StructureDefinition/TransitionOrganization",
      "version" : "0.1.0",
      "kind" : "resource",
      "type" : "Organization"
    },
    {
      "filename" : "ValueSet-authorised-doseform-vs.json",
      "resourceType" : "ValueSet",
      "id" : "authorised-doseform-vs",
      "url" : "http://unicom-project.eu/fhir/ValueSet/authorised-doseform-vs",
      "version" : "0.1.0"
    },
    {
      "filename" : "CodeSystem-pharmaceutical-dose-form-ema-cs.json",
      "resourceType" : "CodeSystem",
      "id" : "pharmaceutical-dose-form-ema-cs",
      "url" : "https://spor.ema.europa.eu/v1/lists/200000000004",
      "version" : "0.1.0",
      "content" : "complete"
    },
    {
      "filename" : "ValueSet-routes-and-methods-of-administration-vs.json",
      "resourceType" : "ValueSet",
      "id" : "routes-and-methods-of-administration-vs",
      "url" : "http://unicom-project.eu/fhir/ValueSet/routes-and-methods-of-administration-vs",
      "version" : "0.1.0"
    },
    {
      "filename" : "ValueSet-language-bcp-vs.json",
      "resourceType" : "ValueSet",
      "id" : "language-bcp-vs",
      "url" : "http://unicom-project.eu/fhir/ValueSet/language-bcp-vs",
      "version" : "0.1.0"
    },
    {
      "filename" : "ValueSet-whoatc-unicom.json",
      "resourceType" : "ValueSet",
      "id" : "whoatc-unicom",
      "url" : "http://unicom-project.eu/fhir/ValueSet/whoatc-unicom",
      "version" : "0.1.0"
    },
    {
      "filename" : "CodeSystem-Marketing-Status-ema-cs.json",
      "resourceType" : "CodeSystem",
      "id" : "Marketing-Status-ema-cs",
      "url" : "https://spor.ema.europa.eu/v1/lists/100000072052",
      "version" : "0.1.0",
      "content" : "complete"
    },
    {
      "filename" : "SearchParameter-reference-strength-substance.json",
      "resourceType" : "SearchParameter",
      "id" : "reference-strength-substance",
      "url" : "http://unicom-project.eu/fhir/SearchParameter/reference-strength-substance",
      "version" : "0.1.0",
      "type" : "token"
    },
    {
      "filename" : "StructureDefinition-PPLManufacturedItemDefinition.json",
      "resourceType" : "StructureDefinition",
      "id" : "PPLManufacturedItemDefinition",
      "url" : "http://unicom-project.eu/fhir/StructureDefinition/PPLManufacturedItemDefinition",
      "version" : "0.1.0",
      "kind" : "resource",
      "type" : "ManufacturedItemDefinition"
    },
    {
      "filename" : "CodeSystem-combined-pharmaceutical-dose-form-ema-cs.json",
      "resourceType" : "CodeSystem",
      "id" : "combined-pharmaceutical-dose-form-ema-cs",
      "url" : "https://spor.ema.europa.eu/v1/lists/200000000006",
      "version" : "0.1.0",
      "content" : "complete"
    },
    {
      "filename" : "ValueSet-container.json",
      "resourceType" : "ValueSet",
      "id" : "container",
      "url" : "http://unicom-project.eu/fhir/ValueSet/container",
      "version" : "0.1.0"
    },
    {
      "filename" : "StructureDefinition-ST.json",
      "resourceType" : "StructureDefinition",
      "id" : "ST",
      "url" : "http://unicom-project.eu/fhir/StructureDefinition/ST",
      "version" : "0.1.0",
      "kind" : "complex-type",
      "type" : "Element"
    },
    {
      "filename" : "StructureDefinition-TransitionPackagedProductDefinition.json",
      "resourceType" : "StructureDefinition",
      "id" : "TransitionPackagedProductDefinition",
      "url" : "http://unicom-project.eu/fhir/StructureDefinition/TransitionPackagedProductDefinition",
      "version" : "0.1.0",
      "kind" : "resource",
      "type" : "PackagedProductDefinition"
    },
    {
      "filename" : "ValueSet-packaging-spor-vs.json",
      "resourceType" : "ValueSet",
      "id" : "packaging-spor-vs",
      "url" : "http://unicom-project.eu/fhir/ValueSet/packaging-spor-vs",
      "version" : "0.1.0"
    },
    {
      "filename" : "StructureDefinition-TransitionMedicinalProductDefinition.json",
      "resourceType" : "StructureDefinition",
      "id" : "TransitionMedicinalProductDefinition",
      "url" : "http://unicom-project.eu/fhir/StructureDefinition/TransitionMedicinalProductDefinition",
      "version" : "0.1.0",
      "kind" : "resource",
      "type" : "MedicinalProductDefinition"
    },
    {
      "filename" : "StructureDefinition-DT.json",
      "resourceType" : "StructureDefinition",
      "id" : "DT",
      "url" : "http://unicom-project.eu/fhir/StructureDefinition/DT",
      "version" : "0.1.0",
      "kind" : "complex-type",
      "type" : "Element"
    },
    {
      "filename" : "CodeSystem-legal-status-for-the-supply-ema-cs.json",
      "resourceType" : "CodeSystem",
      "id" : "legal-status-for-the-supply-ema-cs",
      "url" : "https://spor.ema.europa.eu/v1/lists/100000072051",
      "version" : "0.1.0",
      "content" : "complete"
    },
    {
      "filename" : "CodeSystem-ATC-Human-EMA.json",
      "resourceType" : "CodeSystem",
      "id" : "ATC-Human-EMA",
      "url" : "https://spor.ema.europa.eu/v1/lists/100000093533",
      "version" : "0.1.0",
      "content" : "complete"
    },
    {
      "filename" : "ValueSet-language-ema-vs.json",
      "resourceType" : "ValueSet",
      "id" : "language-ema-vs",
      "url" : "http://unicom-project.eu/fhir/ValueSet/language-ema-vs",
      "version" : "0.1.0"
    },
    {
      "filename" : "CodeSystem-unit-of-measurement-ema-cs.json",
      "resourceType" : "CodeSystem",
      "id" : "unit-of-measurement-ema-cs",
      "url" : "https://spor.ema.europa.eu/v1/lists/100000110633",
      "version" : "0.1.0",
      "content" : "complete"
    },
    {
      "filename" : "ValueSet-packaging-category.json",
      "resourceType" : "ValueSet",
      "id" : "packaging-category",
      "url" : "http://unicom-project.eu/fhir/ValueSet/packaging-category",
      "version" : "0.1.0"
    },
    {
      "filename" : "CodeSystem-country-ema-cs.json",
      "resourceType" : "CodeSystem",
      "id" : "country-ema-cs",
      "url" : "https://spor.ema.europa.eu/v1/lists/100000000002",
      "version" : "0.1.0",
      "content" : "complete"
    },
    {
      "filename" : "StructureDefinition-TS.json",
      "resourceType" : "StructureDefinition",
      "id" : "TS",
      "url" : "http://unicom-project.eu/fhir/StructureDefinition/TS",
      "version" : "0.1.0",
      "kind" : "complex-type",
      "type" : "Element"
    },
    {
      "filename" : "ValueSet-domain-vs.json",
      "resourceType" : "ValueSet",
      "id" : "domain-vs",
      "url" : "http://unicom-project.eu/fhir/ValueSet/domain-vs",
      "version" : "0.1.0"
    },
    {
      "filename" : "ValueSet-all-units-vs.json",
      "resourceType" : "ValueSet",
      "id" : "all-units-vs",
      "url" : "http://unicom-project.eu/fhir/ValueSet/all-units-vs",
      "version" : "0.1.0"
    },
    {
      "filename" : "ValueSet-atc-spor-vs.json",
      "resourceType" : "ValueSet",
      "id" : "atc-spor-vs",
      "url" : "http://unicom-project.eu/fhir/ValueSet/atc-spor-vs",
      "version" : "0.1.0"
    },
    {
      "filename" : "ValueSet-combination-pack.json",
      "resourceType" : "ValueSet",
      "id" : "combination-pack",
      "url" : "http://unicom-project.eu/fhir/ValueSet/combination-pack",
      "version" : "0.1.0"
    },
    {
      "filename" : "CodeSystem-language-ema-cs.json",
      "resourceType" : "CodeSystem",
      "id" : "language-ema-cs",
      "url" : "https://spor.ema.europa.eu/v1/lists/100000072057",
      "version" : "0.1.0",
      "content" : "complete"
    },
    {
      "filename" : "StructureDefinition-TransitionIngredient.json",
      "resourceType" : "StructureDefinition",
      "id" : "TransitionIngredient",
      "url" : "http://unicom-project.eu/fhir/StructureDefinition/TransitionIngredient",
      "version" : "0.1.0",
      "kind" : "resource",
      "type" : "Ingredient"
    },
    {
      "filename" : "ValueSet-combined-term.json",
      "resourceType" : "ValueSet",
      "id" : "combined-term",
      "url" : "http://unicom-project.eu/fhir/ValueSet/combined-term",
      "version" : "0.1.0"
    },
    {
      "filename" : "StructureDefinition-PPLPackagedProductDefinition.json",
      "resourceType" : "StructureDefinition",
      "id" : "PPLPackagedProductDefinition",
      "url" : "http://unicom-project.eu/fhir/StructureDefinition/PPLPackagedProductDefinition",
      "version" : "0.1.0",
      "kind" : "resource",
      "type" : "PackagedProductDefinition"
    },
    {
      "filename" : "ValueSet-Filter-label.json",
      "resourceType" : "ValueSet",
      "id" : "Filter-label",
      "url" : "http://unicom-project.eu/fhir/ValueSet/Filter-label",
      "version" : "0.1.0"
    },
    {
      "filename" : "StructureDefinition-class.json",
      "resourceType" : "StructureDefinition",
      "id" : "class",
      "url" : "http://unicom-project.eu/fhir/StructureDefinition/class",
      "version" : "0.1.0",
      "kind" : "complex-type",
      "type" : "BackboneElement"
    },
    {
      "filename" : "StructureDefinition-CD.json",
      "resourceType" : "StructureDefinition",
      "id" : "CD",
      "url" : "http://unicom-project.eu/fhir/StructureDefinition/CD",
      "version" : "0.1.0",
      "kind" : "complex-type",
      "type" : "Element"
    },
    {
      "filename" : "ValueSet-regulatory-status-spor-vs.json",
      "resourceType" : "ValueSet",
      "id" : "regulatory-status-spor-vs",
      "url" : "http://unicom-project.eu/fhir/ValueSet/regulatory-status-spor-vs",
      "version" : "0.1.0"
    },
    {
      "filename" : "ValueSet-marketing-status-spor-vs.json",
      "resourceType" : "ValueSet",
      "id" : "marketing-status-spor-vs",
      "url" : "http://unicom-project.eu/fhir/ValueSet/marketing-status-spor-vs",
      "version" : "0.1.0"
    },
    {
      "filename" : "ValueSet-shelflifetype-spor-vs.json",
      "resourceType" : "ValueSet",
      "id" : "shelflifetype-spor-vs",
      "url" : "http://unicom-project.eu/fhir/ValueSet/shelflifetype-spor-vs",
      "version" : "0.1.0"
    }
  ]
}
