{
  "resourceType": "AdministrableProductDefinition",
  "id": "Nurofen-Patch-transderm-lok-medic-pleister-200-mg--98-BEL-APD",
  "meta": {
    "profile": [
      "http://unicom-project.eu/fhir/StructureDefinition/PPLAdministrableProductDefinition"
    ]
  },
  "status": "active",
  "formOf": [
    {
      "reference": "MedicinalProductDefinition/Nurofen-Patch-transderm-lok-medic-pleister-200-mg--98-BEL-MPD"
    }
  ],
  "administrableDoseForm": {
    "coding": [
      {
        "code": "100000073714",
        "system": "https://spor.ema.europa.eu/v1/lists/200000000004",
        "display": "Medicated plaster"
      }
    ]
  },
  "unitOfPresentation": {
    "coding": [
      {
        "code": "200000002134",
        "system": "https://spor.ema.europa.eu/v1/lists/200000000014",
        "display": "Patch"
      }
    ]
  },
  "producedFrom": [
    {
      "reference": "ManufacturedItemDefinition/Nurofen-Patch-transderm-lok-medic-pleister-200-mg--98-BEL-MID"
    }
  ],
  "routeOfAdministration": [
    {
      "code": {
        "coding": [
          {
            "code": "100000073637",
            "system": "https://spor.ema.europa.eu/v1/lists/100000073345",
            "display": "Transdermal use"
          }
        ]
      }
    }
  ]
}
