{
  "resourceType": "AdministrableProductDefinition",
  "id": "PEDEA-SOL-IV-INF-10MG-2ML-243-GRC-APD",
  "meta": {
    "profile": [
      "http://unicom-project.eu/fhir/StructureDefinition/PPLAdministrableProductDefinition"
    ]
  },
  "status": "active",
  "formOf": [
    {
      "reference": "MedicinalProductDefinition/PEDEA-SOL-IV-INF-10MG-2ML-243-GRC-MPD"
    }
  ],
  "administrableDoseForm": {
    "coding": [
      {
        "code": "100000073870",
        "system": "https://spor.ema.europa.eu/v1/lists/200000000004",
        "display": "Solution for infusion"
      }
    ]
  },
  "unitOfPresentation": {
    "coding": [
      {
        "code": "200000022814",
        "system": "https://spor.ema.europa.eu/v1/lists/200000000014",
        "display": "Other"
      }
    ]
  },
  "producedFrom": [
    {
      "reference": "ManufacturedItemDefinition/PEDEA-SOL-IV-INF-10MG-2ML-243-GRC-MID"
    }
  ],
  "routeOfAdministration": [
    {
      "code": {
        "coding": [
          {
            "code": "100000073611",
            "system": "https://spor.ema.europa.eu/v1/lists/100000073345",
            "display": "Intravenous use"
          }
        ]
      }
    }
  ]
}
