{
  "resourceType": "AdministrableProductDefinition",
  "id": "AXYPLOT-CAPS-5MG-CAP-181-GRC-APD",
  "meta": {
    "profile": [
      "http://unicom-project.eu/fhir/StructureDefinition/PPLAdministrableProductDefinition"
    ]
  },
  "status": "active",
  "formOf": [
    {
      "reference": "MedicinalProductDefinition/AXYPLOT-CAPS-5MG-CAP-181-GRC-MPD"
    }
  ],
  "administrableDoseForm": {
    "coding": [
      {
        "code": "100000073375",
        "system": "https://spor.ema.europa.eu/v1/lists/200000000004",
        "display": "Capsule, hard"
      }
    ]
  },
  "unitOfPresentation": {
    "coding": [
      {
        "code": "200000002113",
        "system": "https://spor.ema.europa.eu/v1/lists/200000000014",
        "display": "Capsule"
      }
    ]
  },
  "producedFrom": [
    {
      "reference": "ManufacturedItemDefinition/AXYPLOT-CAPS-5MG-CAP-181-GRC-MID"
    }
  ],
  "routeOfAdministration": [
    {
      "code": {
        "coding": [
          {
            "code": "100000073619",
            "system": "https://spor.ema.europa.eu/v1/lists/100000073345",
            "display": "Oral use"
          }
        ]
      }
    }
  ]
}
