{
  "resourceType": "AdministrableProductDefinition",
  "id": "Algidrin-siroop-susp-100-mg-5-ml-57-BEL-APD",
  "meta": {
    "profile": [
      "http://unicom-project.eu/fhir/StructureDefinition/PPLAdministrableProductDefinition"
    ]
  },
  "status": "active",
  "formOf": [
    {
      "reference": "MedicinalProductDefinition/Algidrin-siroop-susp-100-mg-5-ml-57-BEL-MPD"
    }
  ],
  "administrableDoseForm": {
    "coding": [
      {
        "code": "100000073652",
        "system": "https://spor.ema.europa.eu/v1/lists/200000000004",
        "display": "Syrup"
      }
    ]
  },
  "unitOfPresentation": {
    "coding": [
      {
        "code": "200000022814",
        "system": "https://spor.ema.europa.eu/v1/lists/200000000014",
        "display": "Other"
      }
    ]
  },
  "producedFrom": [
    {
      "reference": "ManufacturedItemDefinition/Algidrin-siroop-susp-100-mg-5-ml-57-BEL-MID"
    }
  ],
  "routeOfAdministration": [
    {
      "code": {
        "coding": [
          {
            "code": "100000073619",
            "system": "https://spor.ema.europa.eu/v1/lists/100000073345",
            "display": "Oral use"
          }
        ]
      }
    }
  ]
}
