{
  "resourceType": "AdministrableProductDefinition",
  "id": "simvastatine-AB-filmomh-tabl-20-mg-106-BEL-APD",
  "meta": {
    "profile": [
      "http://unicom-project.eu/fhir/StructureDefinition/PPLAdministrableProductDefinition"
    ]
  },
  "status": "active",
  "formOf": [
    {
      "reference": "MedicinalProductDefinition/simvastatine-AB-filmomh-tabl-20-mg-106-BEL-MPD"
    }
  ],
  "administrableDoseForm": {
    "coding": [
      {
        "code": "100000073665",
        "system": "https://spor.ema.europa.eu/v1/lists/200000000004",
        "display": "Film-coated tablet"
      }
    ]
  },
  "unitOfPresentation": {
    "coding": [
      {
        "code": "200000002152",
        "system": "https://spor.ema.europa.eu/v1/lists/200000000014",
        "display": "Tablet"
      }
    ]
  },
  "producedFrom": [
    {
      "reference": "ManufacturedItemDefinition/simvastatine-AB-filmomh-tabl-20-mg-106-BEL-MID"
    }
  ],
  "routeOfAdministration": [
    {
      "code": {
        "coding": [
          {
            "code": "100000073619",
            "system": "https://spor.ema.europa.eu/v1/lists/100000073345",
            "display": "Oral use"
          }
        ]
      }
    }
  ]
}
