{
  "resourceType": "AdministrableProductDefinition",
  "id": "Nurofen-zachte-kauwcaps-Kinderen-100-mg-56-BEL-APD",
  "meta": {
    "profile": [
      "http://unicom-project.eu/fhir/StructureDefinition/PPLAdministrableProductDefinition"
    ]
  },
  "status": "active",
  "formOf": [
    {
      "reference": "MedicinalProductDefinition/Nurofen-zachte-kauwcaps-Kinderen-100-mg-56-BEL-MPD"
    }
  ],
  "administrableDoseForm": {
    "coding": [
      {
        "code": "100000073377",
        "system": "https://spor.ema.europa.eu/v1/lists/200000000004",
        "display": "Chewable capsule, soft"
      }
    ]
  },
  "unitOfPresentation": {
    "coding": [
      {
        "code": "200000002113",
        "system": "https://spor.ema.europa.eu/v1/lists/200000000014",
        "display": "Capsule"
      }
    ]
  },
  "producedFrom": [
    {
      "reference": "ManufacturedItemDefinition/Nurofen-zachte-kauwcaps-Kinderen-100-mg-56-BEL-MID"
    }
  ],
  "routeOfAdministration": [
    {
      "code": {
        "coding": [
          {
            "code": "100000073619",
            "system": "https://spor.ema.europa.eu/v1/lists/100000073345",
            "display": "Oral use"
          }
        ]
      }
    }
  ]
}
