{
  "resourceType": "AdministrableProductDefinition",
  "id": "Ibuprofen-Teva-5-transderm-lok-gel-50-mg-1-g-46-BEL-APD",
  "meta": {
    "profile": [
      "http://unicom-project.eu/fhir/StructureDefinition/PPLAdministrableProductDefinition"
    ]
  },
  "status": "active",
  "formOf": [
    {
      "reference": "MedicinalProductDefinition/Ibuprofen-Teva-5-transderm-lok-gel-50-mg-1-g-46-BEL-MPD"
    }
  ],
  "administrableDoseForm": {
    "coding": [
      {
        "code": "100000116134",
        "system": "https://spor.ema.europa.eu/v1/lists/200000000004",
        "display": "Transdermal gel"
      }
    ]
  },
  "unitOfPresentation": {
    "coding": [
      {
        "code": "200000022814",
        "system": "https://spor.ema.europa.eu/v1/lists/200000000014",
        "display": "Other"
      }
    ]
  },
  "producedFrom": [
    {
      "reference": "ManufacturedItemDefinition/Ibuprofen-Teva-5-transderm-lok-gel-50-mg-1-g-46-BEL-MID"
    }
  ],
  "routeOfAdministration": [
    {
      "code": {
        "coding": [
          {
            "code": "100000073566",
            "system": "https://spor.ema.europa.eu/v1/lists/100000073345",
            "display": "Cutaneous use"
          }
        ]
      }
    }
  ]
}
