{
  "resourceType": "CodeSystem",
  "status": "draft",
  "content": "complete",
  "name": "CombinedTerm_EMA_CS",
  "id": "combined-term-ema-cs",
  "title": "Combined Term EMA",
  "description": "Combined Term. Based on EDQM. Re-coded with RMS codes. Only used for authorised dose form.",
  "version": "0.1.0",
  "url": "https://spor.ema.europa.eu/v1/lists/200000000007",
  "concept": [
    {
      "code": "100000136320",
      "display": "Eye drops, prolonged-release solution in single-dose container"
    },
    {
      "code": "100000136321",
      "display": "Eye drops, suspension in single-dose container"
    },
    {
      "code": "100000136322",
      "display": "Eye ointment in single-dose container"
    },
    {
      "code": "100000136323",
      "display": "Granules for oral solution in sachet"
    },
    {
      "code": "200000017731",
      "display": "Powder for oral suspension in sachet"
    },
    {
      "code": "100000166823",
      "display": "Solution for injection in pre-filled injector"
    },
    {
      "code": "100000167461",
      "display": "Solution for injection in dose-dispenser cartridge"
    },
    {
      "code": "100000174056",
      "display": "Solution for injection in administration system"
    },
    {
      "code": "100000174057",
      "display": "Powder and solvent for prolonged-release suspension for injection in pre-filled syringe"
    },
    {
      "code": "100000174058",
      "display": "Powder for oral/rectal suspension in sachet"
    },
    {
      "code": "100000174059",
      "display": "Suspension for injection in pre-filled injector"
    },
    {
      "code": "100000174060",
      "display": "Gel in sachet"
    },
    {
      "code": "100000174061",
      "display": "Oral suspension in pre-filled oral applicator"
    },
    {
      "code": "100000174062",
      "display": "Oral emulsion in sachet"
    },
    {
      "code": "100000174063",
      "display": "Oral paste in sachet"
    },
    {
      "code": "100000174064",
      "display": "Powder and solvent for prolonged-release suspension for injection in pre-filled pen"
    },
    {
      "code": "200000018794",
      "display": "Oral solution in multidose container with metering pump"
    },
    {
      "code": "100000156069",
      "display": "Film-coated tablet and gastro-resistant granules in sachet"
    },
    {
      "code": "100000156090",
      "display": "Ear drops, solution in single-dose container"
    },
    {
      "code": "100000171807",
      "display": "Granules in single-dose container"
    },
    {
      "code": "100000172024",
      "display": "Syrup in sachet"
    },
    {
      "code": "100000172025",
      "display": "Emulsion for infusion in administration system"
    },
    {
      "code": "200000025956",
      "display": "Film-coated granules in single-dose container"
    },
    {
      "code": "200000027808",
      "display": "Dispersion for injection in pre-filled syringe"
    },
    {
      "code": "200000003532",
      "display": "Powder and solvent for suspension for injection in multidose container"
    },
    {
      "code": "200000003533",
      "display": "Solution for injection in multidose container"
    },
    {
      "code": "200000003534",
      "display": "Suspension for injection in multidose container"
    },
    {
      "code": "200000003542",
      "display": "Granules in capsule for opening"
    },
    {
      "code": "200000003970",
      "display": "Prolonged-release suspension for injection in pre-filled pen"
    },
    {
      "code": "200000003584",
      "display": "Solution for injection in vial"
    },
    {
      "code": "200000005491",
      "display": "Nasal powder in single-dose container"
    },
    {
      "code": "200000010389",
      "display": "Solution for infusion in cartridge"
    },
    {
      "code": "200000010633",
      "display": "Solution for injection in pre-filled syringe in disposable cassette"
    },
    {
      "code": "200000010731",
      "display": "Oral powder in single-dose container"
    },
    {
      "code": "100000073997",
      "display": "Eye drops, solution in single-dose container"
    },
    {
      "code": "100000074028",
      "display": "Pillules in single-dose container"
    },
    {
      "code": "100000074039",
      "display": "Solution for injection in pre-filled pen"
    },
    {
      "code": "100000074046",
      "display": "Solution for injection in cartridge"
    },
    {
      "code": "100000074047",
      "display": "Solution for injection in pre-filled syringe"
    },
    {
      "code": "100000074050",
      "display": "Suspension for injection in pre-filled pen"
    },
    {
      "code": "100000074062",
      "display": "Suspension for injection in cartridge"
    },
    {
      "code": "100000074063",
      "display": "Suspension for injection in pre-filled syringe"
    },
    {
      "code": "200000002333",
      "display": "Eye drops"
    },
    {
      "code": "200000015352",
      "display": "Oral powder in capsules for opening"
    },
    {
      "code": "200000015396",
      "display": "Transdermal gel in sachet"
    },
    {
      "code": "100000075575",
      "display": "Solution for infusion in administration system"
    },
    {
      "code": "100000075582",
      "display": "Herbal tea in bag"
    },
    {
      "code": "100000075583",
      "display": "Intravitreal implant in applicator"
    },
    {
      "code": "100000075585",
      "display": "Powder and solvent for solution for injection in pre-filled syringe"
    },
    {
      "code": "100000075588",
      "display": "Solution for injection/infusion in pre-filled syringe"
    },
    {
      "code": "200000015536",
      "display": "Concentrate for dispersion for injection"
    },
    {
      "code": "200000002380",
      "display": "Cutaneous solution in single-dose container"
    },
    {
      "code": "100000116144",
      "display": "Coated granules in sachet"
    },
    {
      "code": "100000116166",
      "display": "Nasal spray, solution in single-dose container"
    },
    {
      "code": "100000116178",
      "display": "Powder and solvent for suspension for injection in pre-filled syringe"
    },
    {
      "code": "100000116190",
      "display": "Solution for injection in needle-free injector"
    },
    {
      "code": "200000016198",
      "display": "Oral solution in bottle"
    },
    {
      "code": "200000016458",
      "display": "Oral suspension in single-dose container"
    },
    {
      "code": "100000125712",
      "display": "Gel in pressurised container"
    },
    {
      "code": "100000125738",
      "display": "Ear drops, suspension in single-dose container"
    },
    {
      "code": "100000125739",
      "display": "Emulsion for injection/infusion in pre-filled syringe"
    },
    {
      "code": "100000125740",
      "display": "Eye gel in single-dose container"
    },
    {
      "code": "100000125741",
      "display": "Gastro-resistant granules for oral suspension in sachet"
    },
    {
      "code": "100000125742",
      "display": "Granules for oral suspension in sachet"
    },
    {
      "code": "100000125743",
      "display": "Granules in sachet"
    },
    {
      "code": "100000125744",
      "display": "Nasal drops, solution in single-dose container"
    },
    {
      "code": "100000125745",
      "display": "Oral powder in sachet"
    },
    {
      "code": "100000125748",
      "display": "Powder and solvent for solution for injection in cartridge"
    },
    {
      "code": "100000125749",
      "display": "Powder and solvent for solution for injection in pre-filled pen"
    },
    {
      "code": "100000125752",
      "display": "Powder for oral solution in sachet"
    },
    {
      "code": "100000125753",
      "display": "Implant in pre-filled syringe"
    },
    {
      "code": "100000125756",
      "display": "Oral solution in sachet"
    },
    {
      "code": "100000125757",
      "display": "Oral solution in single-dose container"
    },
    {
      "code": "100000125758",
      "display": "Oral suspension in sachet"
    },
    {
      "code": "100000125762",
      "display": "Solution and suspension for suspension for injection in pre-filled syringe"
    },
    {
      "code": "100000125773",
      "display": "Prolonged-release granules for oral suspension in sachet"
    },
    {
      "code": "100000125774",
      "display": "Prolonged-release granules in sachet"
    },
    {
      "code": "100000125775",
      "display": "Prolonged-release suspension for injection in pre-filled syringe"
    },
    {
      "code": "100000125776",
      "display": "Solution for infusion in pre-filled syringe"
    }
  ],
  "experimental": false,
  "caseSensitive": false,
  "compositional": false,
  "count": 79
}
