{
  "resourceType": "ManufacturedItemDefinition",
  "id": "Ibuprofen-Teva-5-transderm-lok-gel-50-mg-1-g-46-BEL-MID",
  "meta": {
    "profile": [
      "http://unicom-project.eu/fhir/StructureDefinition/PPLManufacturedItemDefinition"
    ]
  },
  "status": "active",
  "manufacturedDoseForm": {
    "coding": [
      {
        "code": "100000116134",
        "system": "https://spor.ema.europa.eu/v1/lists/200000000004",
        "display": "Transdermal gel"
      }
    ]
  },
  "unitOfPresentation": {
    "coding": [
      {
        "code": "200000022814",
        "system": "https://spor.ema.europa.eu/v1/lists/200000000014",
        "display": "Other"
      }
    ]
  }
}
