{
  "resourceType": "ManufacturedItemDefinition",
  "id": "Nurofen-zetpil-Kinderen-125-mg-99-BEL-MID",
  "meta": {
    "profile": [
      "http://unicom-project.eu/fhir/StructureDefinition/PPLManufacturedItemDefinition"
    ]
  },
  "status": "active",
  "manufacturedDoseForm": {
    "coding": [
      {
        "code": "100000073843",
        "system": "https://spor.ema.europa.eu/v1/lists/200000000004",
        "display": "Suppository"
      }
    ]
  },
  "unitOfPresentation": {
    "coding": [
      {
        "code": "200000002149",
        "system": "https://spor.ema.europa.eu/v1/lists/200000000014",
        "display": "Suppository"
      }
    ]
  }
}
