{
  "resourceType": "ManufacturedItemDefinition",
  "id": "Ibuprofen-EG-siroop-susp-200-mg-5-ml-68-BEL-MID",
  "meta": {
    "profile": [
      "http://unicom-project.eu/fhir/StructureDefinition/PPLManufacturedItemDefinition"
    ]
  },
  "status": "active",
  "manufacturedDoseForm": {
    "coding": [
      {
        "code": "100000073652",
        "system": "https://spor.ema.europa.eu/v1/lists/200000000004",
        "display": "Syrup"
      }
    ]
  },
  "unitOfPresentation": {
    "coding": [
      {
        "code": "200000022814",
        "system": "https://spor.ema.europa.eu/v1/lists/200000000014",
        "display": "Other"
      }
    ]
  }
}
