{
  "resourceType": "ManufacturedItemDefinition",
  "id": "Brufen-bruisgran-zakjes-600-mg-86-BEL-MID",
  "meta": {
    "profile": [
      "http://unicom-project.eu/fhir/StructureDefinition/PPLManufacturedItemDefinition"
    ]
  },
  "status": "active",
  "manufacturedDoseForm": {
    "coding": [
      {
        "code": "100000073657",
        "system": "https://spor.ema.europa.eu/v1/lists/200000000004",
        "display": "Effervescent granules"
      }
    ]
  },
  "unitOfPresentation": {
    "coding": [
      {
        "code": "200000002143",
        "system": "https://spor.ema.europa.eu/v1/lists/200000000014",
        "display": "Sachet"
      }
    ]
  }
}
