{
  "resourceType": "ManufacturedItemDefinition",
  "id": "STATINAL-C-TAB-20MG-TAB-284-GRC-MID",
  "meta": {
    "profile": [
      "http://unicom-project.eu/fhir/StructureDefinition/PPLManufacturedItemDefinition"
    ]
  },
  "status": "active",
  "manufacturedDoseForm": {
    "coding": [
      {
        "code": "100000073380",
        "system": "https://spor.ema.europa.eu/v1/lists/200000000004",
        "display": "Coated tablet"
      }
    ]
  },
  "unitOfPresentation": {
    "coding": [
      {
        "code": "200000002152",
        "system": "https://spor.ema.europa.eu/v1/lists/200000000014",
        "display": "Tablet"
      }
    ]
  }
}
