{
  "resourceType": "ManufacturedItemDefinition",
  "id": "Nurofen-Patch-transderm-lok-medic-pleister-200-mg--98-BEL-MID",
  "meta": {
    "profile": [
      "http://unicom-project.eu/fhir/StructureDefinition/PPLManufacturedItemDefinition"
    ]
  },
  "status": "active",
  "manufacturedDoseForm": {
    "coding": [
      {
        "code": "100000073714",
        "system": "https://spor.ema.europa.eu/v1/lists/200000000004",
        "display": "Medicated plaster"
      }
    ]
  },
  "unitOfPresentation": {
    "coding": [
      {
        "code": "200000002134",
        "system": "https://spor.ema.europa.eu/v1/lists/200000000014",
        "display": "Patch"
      }
    ]
  }
}
