{
  "resourceType": "ManufacturedItemDefinition",
  "id": "EVANGIO-CAPS-5MG-CAP-174-GRC-MID",
  "meta": {
    "profile": [
      "http://unicom-project.eu/fhir/StructureDefinition/PPLManufacturedItemDefinition"
    ]
  },
  "status": "active",
  "manufacturedDoseForm": {
    "coding": [
      {
        "code": "100000073375",
        "system": "https://spor.ema.europa.eu/v1/lists/200000000004",
        "display": "Capsule, hard"
      }
    ]
  },
  "unitOfPresentation": {
    "coding": [
      {
        "code": "200000002113",
        "system": "https://spor.ema.europa.eu/v1/lists/200000000014",
        "display": "Capsule"
      }
    ]
  }
}
