{
  "resourceType": "ManufacturedItemDefinition",
  "id": "VASCODIN-CAPS-5MG-CAP-191-GRC-MID",
  "meta": {
    "profile": [
      "http://unicom-project.eu/fhir/StructureDefinition/PPLManufacturedItemDefinition"
    ]
  },
  "status": "active",
  "manufacturedDoseForm": {
    "coding": [
      {
        "code": "100000073664",
        "system": "https://spor.ema.europa.eu/v1/lists/200000000004",
        "display": "Tablet"
      }
    ]
  },
  "unitOfPresentation": {
    "coding": [
      {
        "code": "200000002113",
        "system": "https://spor.ema.europa.eu/v1/lists/200000000014",
        "display": "Capsule"
      }
    ]
  }
}
