{
  "resourceType": "ManufacturedItemDefinition",
  "id": "Pedea-inf-oploss-i-v-amp-10-mg-2-ml-48-BEL-MID",
  "meta": {
    "profile": [
      "http://unicom-project.eu/fhir/StructureDefinition/PPLManufacturedItemDefinition"
    ]
  },
  "status": "active",
  "manufacturedDoseForm": {
    "coding": [
      {
        "code": "100000073870",
        "system": "https://spor.ema.europa.eu/v1/lists/200000000004",
        "display": "Solution for infusion"
      }
    ]
  },
  "unitOfPresentation": {
    "coding": [
      {
        "code": "200000022814",
        "system": "https://spor.ema.europa.eu/v1/lists/200000000014",
        "display": "Other"
      }
    ]
  }
}
