{
  "resourceType": "StructureDefinition",
  "id": "PPLOrganization",
  "url": "http://unicom-project.eu/fhir/StructureDefinition/PPLOrganization",
  "version": "0.1.0",
  "name": "PPLOrganization",
  "title": "PPL Organization",
  "status": "active",
  "description": "Organization",
  "fhirVersion": "5.0.0-snapshot3",
  "mapping": [
    {
      "identity": "v2",
      "uri": "http://hl7.org/v2",
      "name": "HL7 v2 Mapping"
    },
    {
      "identity": "rim",
      "uri": "http://hl7.org/v3",
      "name": "RIM Mapping"
    },
    {
      "identity": "interface",
      "uri": "http://hl7.org/fhir/interface",
      "name": "Interface Pattern"
    },
    {
      "identity": "servd",
      "uri": "http://www.omg.org/spec/ServD/1.0/",
      "name": "ServD"
    },
    {
      "identity": "w5",
      "uri": "http://hl7.org/fhir/fivews",
      "name": "FiveWs Pattern Mapping"
    }
  ],
  "kind": "resource",
  "abstract": false,
  "type": "Organization",
  "baseDefinition": "http://hl7.org/fhir/StructureDefinition/Organization",
  "derivation": "constraint",
  "differential": {
    "element": [
      {
        "id": "Organization.identifier",
        "path": "Organization.identifier",
        "slicing": {
          "discriminator": [
            {
              "type": "pattern",
              "path": "system"
            }
          ],
          "rules": "open"
        },
        "short": "Identifier for the marketing authorisation holder",
        "definition": "EMA IG 2.8",
        "min": 1
      },
      {
        "id": "Organization.identifier:loc",
        "path": "Organization.identifier",
        "sliceName": "loc",
        "short": "Location ID from EMA SPOR OMS",
        "min": 1,
        "max": "1"
      },
      {
        "id": "Organization.identifier:loc.system",
        "path": "Organization.identifier.system",
        "min": 1,
        "patternUri": "https://spor.ema.europa.eu/v1/locations"
      },
      {
        "id": "Organization.identifier:org",
        "path": "Organization.identifier",
        "sliceName": "org",
        "short": "Organisation ID from EMA SPOR OMS",
        "min": 0,
        "max": "1"
      },
      {
        "id": "Organization.identifier:org.system",
        "path": "Organization.identifier.system",
        "min": 1,
        "patternUri": "https://spor.ema.europa.eu/v1/organisations"
      },
      {
        "id": "Organization.name",
        "path": "Organization.name",
        "short": "Marketing authorisation holder's name from OMS",
        "min": 1
      }
    ]
  }
}
