{
  "resourceType": "StructureDefinition",
  "id": "untyped",
  "url": "http://unicom-project.eu/fhir/StructureDefinition/untyped",
  "version": "0.1.0",
  "name": "untyped",
  "status": "active",
  "description": "No data type defined",
  "fhirVersion": "5.0.0-snapshot3",
  "mapping": [
    {
      "identity": "rim",
      "uri": "http://hl7.org/v3",
      "name": "RIM Mapping"
    }
  ],
  "kind": "complex-type",
  "abstract": false,
  "type": "Element",
  "baseDefinition": "http://hl7.org/fhir/StructureDefinition/Element",
  "derivation": "constraint",
  "differential": {
    "element": [
      {
        "id": "Element",
        "path": "Element",
        "short": "No specific data type assigned",
        "definition": "No specific data type assigned"
      }
    ]
  }
}
