{
  "resourceType": "ValueSet",
  "status": "active",
  "name": "AuthorisedDoseForm",
  "id": "authorised-doseform-vs",
  "title": "Authorised Dose Form",
  "description": "Value set for authorised dose form. Combines 4 SPOR/EDQM lists: Pharmaceutical dose form, Combined pharmaceutical dose form, Combined term, Combination package.",
  "version": "0.1.0",
  "url": "http://unicom-project.eu/fhir/ValueSet/authorised-doseform-vs",
  "experimental": false,
  "compose": {
    "include": [
      {
        "system": "https://spor.ema.europa.eu/v1/lists/200000000004"
      },
      {
        "system": "https://spor.ema.europa.eu/v1/lists/200000000006"
      },
      {
        "system": "https://spor.ema.europa.eu/v1/lists/200000000007"
      },
      {
        "system": "https://spor.ema.europa.eu/v1/lists/200000000008"
      }
    ]
  }
}
