{
  "resourceType": "AdministrableProductDefinition",
  "id": "CanifugCremolum-100mg-Pessary-EE-APD",
  "meta": {
    "profile": [
      "http://unicom-project.eu/fhir/StructureDefinition/PPLAdministrableProductDefinition"
    ]
  },
  "status": "active",
  "formOf": [
    {
      "reference": "MedicinalProductDefinition/CanifugCremolum-EE-MPD"
    }
  ],
  "administrableDoseForm": {
    "coding": [
      {
        "code": "100000073815",
        "system": "https://spor.ema.europa.eu/v1/lists/200000000004",
        "display": "Pessary"
      }
    ]
  },
  "unitOfPresentation": {
    "coding": [
      {
        "code": "200000002137",
        "system": "https://spor.ema.europa.eu/v1/lists/200000000014",
        "display": "Pessary"
      }
    ]
  },
  "producedFrom": [
    {
      "reference": "ManufacturedItemDefinition/CanifugCremolum-100mg-Pessary-EE-MID"
    }
  ],
  "routeOfAdministration": [
    {
      "code": {
        "coding": [
          {
            "code": "100000073639",
            "system": "https://spor.ema.europa.eu/v1/lists/100000073345",
            "display": "Vaginal use"
          }
        ]
      }
    }
  ]
}
