{
  "resourceType": "CodeSystem",
  "status": "draft",
  "content": "complete",
  "name": "UnitOfPresentation_EMA_CS",
  "id": "unit-of-presentation-ema-cs",
  "title": "Unit of Presentation EMA",
  "description": "Unit of presentation list from EMA SPOR. List id 200000000014. Content based on EDQM, re-coded with RMS codes.",
  "version": "0.1.0",
  "url": "https://spor.ema.europa.eu/v1/lists/200000000014",
  "concept": [
    {
      "code": "200000022814",
      "display": "Other"
    },
    {
      "code": "200000022839",
      "display": "Test"
    },
    {
      "code": "200000002108",
      "display": "Barrel"
    },
    {
      "code": "200000002109",
      "display": "Blister"
    },
    {
      "code": "200000002110",
      "display": "Block"
    },
    {
      "code": "200000002111",
      "display": "Bottle"
    },
    {
      "code": "200000002112",
      "display": "Cachet"
    },
    {
      "code": "200000002113",
      "display": "Capsule"
    },
    {
      "code": "200000002114",
      "display": "Cartridge"
    },
    {
      "code": "200000002116",
      "display": "Container"
    },
    {
      "code": "200000002117",
      "display": "Cup"
    },
    {
      "code": "200000002118",
      "display": "Cylinder"
    },
    {
      "code": "200000002120",
      "display": "Dressing"
    },
    {
      "code": "200000002121",
      "display": "Drop"
    },
    {
      "code": "200000002122",
      "display": "Film"
    },
    {
      "code": "200000002123",
      "display": "Chewing gum"
    },
    {
      "code": "200000002124",
      "display": "Implant"
    },
    {
      "code": "200000002125",
      "display": "Inhaler"
    },
    {
      "code": "200000002126",
      "display": "Insert"
    },
    {
      "code": "200000002127",
      "display": "Jar"
    },
    {
      "code": "200000002128",
      "display": "Lozenge"
    },
    {
      "code": "200000002129",
      "display": "Lyophilisate"
    },
    {
      "code": "200000002130",
      "display": "Matrix"
    },
    {
      "code": "200000002131",
      "display": "Pad"
    },
    {
      "code": "200000002133",
      "display": "Pastille"
    },
    {
      "code": "200000002134",
      "display": "Patch"
    },
    {
      "code": "200000002135",
      "display": "Pen"
    },
    {
      "code": "200000002137",
      "display": "Pessary"
    },
    {
      "code": "200000002138",
      "display": "Pillule"
    },
    {
      "code": "200000002139",
      "display": "Pipette"
    },
    {
      "code": "200000002140",
      "display": "Plaster"
    },
    {
      "code": "200000002141",
      "display": "Plug"
    },
    {
      "code": "200000002142",
      "display": "Pouch"
    },
    {
      "code": "200000002143",
      "display": "Sachet"
    },
    {
      "code": "200000002144",
      "display": "Sponge"
    },
    {
      "code": "200000002145",
      "display": "Spoonful"
    },
    {
      "code": "200000002146",
      "display": "Stick"
    },
    {
      "code": "200000002147",
      "display": "Straw"
    },
    {
      "code": "200000002148",
      "display": "Strip"
    },
    {
      "code": "200000002149",
      "display": "Suppository"
    },
    {
      "code": "200000002150",
      "display": "Syringe"
    },
    {
      "code": "200000002151",
      "display": "System"
    },
    {
      "code": "200000002152",
      "display": "Tablet"
    },
    {
      "code": "200000002154",
      "display": "Tampon"
    },
    {
      "code": "200000002155",
      "display": "Thread"
    },
    {
      "code": "200000002156",
      "display": "Tube"
    },
    {
      "code": "200000002157",
      "display": "Vessel"
    },
    {
      "code": "200000002158",
      "display": "Vial"
    },
    {
      "code": "200000002163",
      "display": "Actuation"
    },
    {
      "code": "200000002164",
      "display": "Ampoule"
    },
    {
      "code": "200000002165",
      "display": "Applicator"
    },
    {
      "code": "200000002166",
      "display": "Bag"
    },
    {
      "code": "200000016445",
      "display": "Swab"
    }
  ],
  "experimental": false,
  "compositional": false,
  "caseSensitive": false,
  "count": 53
}
