{
  "resourceType": "CodeSystem",
  "status": "draft",
  "content": "complete",
  "name": "Marketing_Status_EMA_CS",
  "id": "Marketing-Status-ema-cs",
  "title": "Marketing Status EMA",
  "description": "Marketing status of the product in given country. EMA SPOR RMS codes.",
  "version": "0.1.0",
  "url": "https://spor.ema.europa.eu/v1/lists/100000072052",
  "concept": [
    {
      "code": "100000072074",
      "display": "Not marketed"
    },
    {
      "code": "100000072083",
      "display": "Marketed"
    },
    {
      "code": "200000026055",
      "display": "Never marketed"
    },
    {
      "code": "230000000000",
      "display": "Temporarily unavailable"
    },
    {
      "code": "100000072075",
      "display": "No data provided"
    }
  ],
  "experimental": false,
  "caseSensitive": false,
  "compositional": false,
  "count": 5
}
