{
  "resourceType": "CodeSystem",
  "status": "draft",
  "content": "complete",
  "name": "LegalStatusForTheSupply_EMA_CS",
  "id": "legal-status-for-the-supply-ema-cs",
  "title": "Legal Status for the Supply EMA",
  "description": "Legal status of supply. EMA SPOR RMS list.",
  "version": "0.1.0",
  "url": "https://spor.ema.europa.eu/v1/lists/100000072051",
  "concept": [
    {
      "code": "100000072076",
      "display": "Medicinal product not subject to medical prescription"
    },
    {
      "code": "100000072077",
      "display": "Medicinal product on medical prescription for renewable or non-renewable delivery"
    },
    {
      "code": "100000072078",
      "display": "Medicinal product subject to restricted medical prescription"
    },
    {
      "code": "100000072079",
      "display": "Medicinal product on medical prescription for non-renewable delivery"
    },
    {
      "code": "100000072084",
      "display": "Medicinal product subject to medical prescription"
    },
    {
      "code": "100000072085",
      "display": "Medicinal product subject to special medical prescription"
    },
    {
      "code": "100000072086",
      "display": "Medicinal product on medical prescription for renewable delivery"
    },
    {
      "code": "100000157313",
      "display": "Medicinal product subject to special and restricted medical prescription"
    }
  ],
  "experimental": false,
  "caseSensitive": false,
  "compositional": false,
  "count": 8
}
