{
  "resourceType": "CodeSystem",
  "status": "draft",
  "content": "complete",
  "name": "Routes_And_Methods_Of_Administration_EMA_CS",
  "id": "routes-and-methods-of-administration-ema-cs",
  "title": "Routes and Methods of Administration EMA",
  "description": "Routes and methods of medication administration. Based on EDQM, re-coded with RMS codes.",
  "version": "0.1.0",
  "url": "https://spor.ema.europa.eu/v1/lists/100000073345",
  "concept": [
    {
      "code": "100000073564",
      "display": "Auricular use"
    },
    {
      "code": "100000073570",
      "display": "Endosinusial use"
    },
    {
      "code": "100000073571",
      "display": "Endotracheopulmonary use"
    },
    {
      "code": "100000073566",
      "display": "Cutaneous use"
    },
    {
      "code": "100000073567",
      "display": "Dental use"
    },
    {
      "code": "100000073569",
      "display": "Endocervical use"
    },
    {
      "code": "100000073572",
      "display": "Epidural use"
    },
    {
      "code": "100000073577",
      "display": "Gastric use"
    },
    {
      "code": "100000073587",
      "display": "Intraarterial use"
    },
    {
      "code": "100000073589",
      "display": "Intrabursal use"
    },
    {
      "code": "100000073594",
      "display": "Intracoronary use"
    },
    {
      "code": "100000073595",
      "display": "Intradermal use"
    },
    {
      "code": "100000073601",
      "display": "Intraocular use"
    },
    {
      "code": "100000073591",
      "display": "Intracavernous use"
    },
    {
      "code": "100000073579",
      "display": "Haemodialysis"
    },
    {
      "code": "100000073588",
      "display": "Intraarticular use"
    },
    {
      "code": "100000073598",
      "display": "Intralymphatic use"
    },
    {
      "code": "100000073604",
      "display": "Intraperitoneal use"
    },
    {
      "code": "100000073607",
      "display": "Intrasternal use"
    },
    {
      "code": "100000073620",
      "display": "Oromucosal use"
    },
    {
      "code": "100000073597",
      "display": "Intralesional use"
    },
    {
      "code": "100000073614",
      "display": "Laryngopharyngeal use"
    },
    {
      "code": "100000073625",
      "display": "Periodontal use"
    },
    {
      "code": "100000075557",
      "display": "Periosseous use"
    },
    {
      "code": "100000075266",
      "display": "Parenteral use"
    },
    {
      "code": "100000075267",
      "display": "Other use"
    },
    {
      "code": "100000075268",
      "display": "Ophthalmic use"
    },
    {
      "code": "100000075270",
      "display": "Intravenous drip use"
    },
    {
      "code": "100000075261",
      "display": "Unknown use"
    },
    {
      "code": "100000075260",
      "display": "Intraprostatic use"
    },
    {
      "code": "100000075262",
      "display": "Topical use"
    },
    {
      "code": "100000075263",
      "display": "Subdermal use"
    },
    {
      "code": "100000075265",
      "display": "Respiratory use"
    },
    {
      "code": "100000111216",
      "display": "Occlusive dressing technique use"
    },
    {
      "code": "100000075237",
      "display": "Intraileal use"
    },
    {
      "code": "100000075238",
      "display": "Intragastric use"
    },
    {
      "code": "100000075240",
      "display": "Intradural use"
    },
    {
      "code": "100000075241",
      "display": "Intraduodenal use"
    },
    {
      "code": "100000075242",
      "display": "Intranasal use"
    },
    {
      "code": "100000075243",
      "display": "Local use"
    },
    {
      "code": "100000075244",
      "display": "Not mentioned"
    },
    {
      "code": "100000075245",
      "display": "In vitro use"
    },
    {
      "code": "100000075246",
      "display": "Intraabdominal use"
    },
    {
      "code": "100000075247",
      "display": "Interstitial use"
    },
    {
      "code": "100000111217",
      "display": "Transplacental use"
    },
    {
      "code": "100000075251",
      "display": "Conjunctival use"
    },
    {
      "code": "100000075252",
      "display": "Transmucosal use"
    },
    {
      "code": "100000075253",
      "display": "Soft tissue use"
    },
    {
      "code": "100000075254",
      "display": "Percutaneous use"
    },
    {
      "code": "100000075255",
      "display": "Nasogastric use"
    },
    {
      "code": "100000075256",
      "display": "Intraventricular use"
    },
    {
      "code": "100000075257",
      "display": "Intravascular use"
    },
    {
      "code": "100000075258",
      "display": "Intratympanic use"
    },
    {
      "code": "100000075271",
      "display": "Intravenous bolus use"
    },
    {
      "code": "100000075272",
      "display": "Intratracheal use"
    },
    {
      "code": "100000075273",
      "display": "Intrahepatic use"
    },
    {
      "code": "100000075555",
      "display": "Intramuscular and intravenous use"
    },
    {
      "code": "100000075558",
      "display": "Subgingival use"
    },
    {
      "code": "100000075559",
      "display": "Epicutaneous use"
    },
    {
      "code": "100000075673",
      "display": "Intraepidermal use"
    },
    {
      "code": "100000170847",
      "display": "Coarse spray"
    },
    {
      "code": "200000010603",
      "display": "Intraputaminal use"
    },
    {
      "code": "200000012510",
      "display": "Instillation"
    },
    {
      "code": "200000016447",
      "display": "Injection"
    },
    {
      "code": "200000016448",
      "display": "Solution for infusion"
    },
    {
      "code": "200000016449",
      "display": "Infusion"
    },
    {
      "code": "200000017716",
      "display": "External use"
    },
    {
      "code": "200000017722",
      "display": "Preservative solution"
    },
    {
      "code": "200000017723",
      "display": "Concentrate for solution for infusion"
    },
    {
      "code": "200000017724",
      "display": "Solution for injection"
    },
    {
      "code": "200000017725",
      "display": "Irrigation"
    },
    {
      "code": "200000022791",
      "display": "Intrafollicular use"
    },
    {
      "code": "200000022792",
      "display": "Intratesticular use"
    },
    {
      "code": "100000075250",
      "display": "Enteral use"
    },
    {
      "code": "100000111215",
      "display": "Intrathoracic use"
    },
    {
      "code": "100000111214",
      "display": "Intrameningeal use"
    },
    {
      "code": "100000143556",
      "display": "Nail use"
    },
    {
      "code": "100000073584",
      "display": "Inhalation use"
    },
    {
      "code": "100000073585",
      "display": "Intestinal use"
    },
    {
      "code": "100000073573",
      "display": "Epilesional use"
    },
    {
      "code": "100000073574",
      "display": "Extraamniotic use"
    },
    {
      "code": "100000073578",
      "display": "Gingival use"
    },
    {
      "code": "100000073586",
      "display": "Intraamniotic use"
    },
    {
      "code": "100000073590",
      "display": "Intracardiac use"
    },
    {
      "code": "100000073615",
      "display": "Nasal use"
    },
    {
      "code": "100000073617",
      "display": "Ocular use"
    },
    {
      "code": "100000073593",
      "display": "Intracervical use"
    },
    {
      "code": "100000073596",
      "display": "Intradiscal use"
    },
    {
      "code": "100000073600",
      "display": "Intramuscular use"
    },
    {
      "code": "100000073602",
      "display": "Intraosseous use"
    },
    {
      "code": "100000073603",
      "display": "Intrapericardial use"
    },
    {
      "code": "100000073605",
      "display": "Intrapleural use"
    },
    {
      "code": "100000073609",
      "display": "Intratumoral use"
    },
    {
      "code": "100000073610",
      "display": "Intrauterine use"
    },
    {
      "code": "100000073611",
      "display": "Intravenous use"
    },
    {
      "code": "100000073612",
      "display": "Intravesical use"
    },
    {
      "code": "100000073619",
      "display": "Oral use"
    },
    {
      "code": "100000073623",
      "display": "Periarticular use"
    },
    {
      "code": "100000073624",
      "display": "Perineural use"
    },
    {
      "code": "100000073626",
      "display": "Posterior juxtascleral use"
    },
    {
      "code": "100000073628",
      "display": "Rectal use"
    },
    {
      "code": "100000073629",
      "display": "Route of administration not applicable"
    },
    {
      "code": "100000073630",
      "display": "Skin scarification"
    },
    {
      "code": "100000073632",
      "display": "Subconjunctival use"
    },
    {
      "code": "100000073633",
      "display": "Subcutaneous use"
    },
    {
      "code": "100000073634",
      "display": "Sublingual use"
    },
    {
      "code": "100000073637",
      "display": "Transdermal use"
    },
    {
      "code": "100000073639",
      "display": "Vaginal use"
    },
    {
      "code": "100000075239",
      "display": "Intraepidermal use"
    },
    {
      "code": "100000075264",
      "display": "Retrobulbar use"
    },
    {
      "code": "100000075554",
      "display": "Submucosal use"
    },
    {
      "code": "100000111213",
      "display": "Intracorneal use"
    },
    {
      "code": "100000075248",
      "display": "Infiltration"
    },
    {
      "code": "100000075249",
      "display": "Implantation"
    },
    {
      "code": "100000075269",
      "display": "Iontophoresis"
    },
    {
      "code": "100000075274",
      "display": "Intracisternal use"
    },
    {
      "code": "100000075275",
      "display": "Buccal use"
    },
    {
      "code": "100000075276",
      "display": "Intracartilaginous use"
    },
    {
      "code": "100000075556",
      "display": "Extracorporeal use"
    },
    {
      "code": "200000010645",
      "display": "Transmammary"
    },
    {
      "code": "200000024875",
      "display": "Extrapleural use"
    },
    {
      "code": "100000125763",
      "display": "Intracameral use"
    },
    {
      "code": "100000155948",
      "display": "Intraportal use"
    },
    {
      "code": "100000156091",
      "display": "Intracholangiopancreatic use"
    },
    {
      "code": "100000156092",
      "display": "Peritumoral use"
    },
    {
      "code": "100000157797",
      "display": "Intraglandular use"
    },
    {
      "code": "100000170084",
      "display": "Subretinal use"
    },
    {
      "code": "100000170279",
      "display": "Intracerebroventricular use"
    },
    {
      "code": "200000010644",
      "display": "Transplacental"
    },
    {
      "code": "100000073576",
      "display": "Gastroenteral use"
    },
    {
      "code": "100000073613",
      "display": "Intravitreal use"
    },
    {
      "code": "100000073638",
      "display": "Urethral use"
    },
    {
      "code": "200000010643",
      "display": "Topical"
    },
    {
      "code": "100000073592",
      "display": "Intracerebral use"
    },
    {
      "code": "100000073621",
      "display": "Oropharyngeal use"
    },
    {
      "code": "100000073608",
      "display": "Intrathecal use"
    }
  ],
  "experimental": false,
  "caseSensitive": false,
  "compositional": false,
  "count": 136
}
