{
  "resourceType": "CodeSystem",
  "status": "draft",
  "content": "complete",
  "name": "ATC_Human_EMA",
  "id": "ATC-Human-EMA",
  "title": "ATC Human EMA",
  "description": "ATC classification recoded with EMA SPOR RMS codes. Flat list, WHO ATC codes provided in description field for easier use.",
  "version": "0.1.0",
  "url": "https://spor.ema.europa.eu/v1/lists/100000093533",
  "concept": [
    {
      "code": "100000095729",
      "display": "OTHER GYNECOLOGICALS",
      "definition": "G02"
    },
    {
      "code": "100000095065",
      "display": "amlodipine",
      "definition": "C08CA01"
    },
    {
      "code": "100000116213",
      "display": "valsartan, amlodipine and hydrochlorothiazide",
      "definition": "C09DX01"
    },
    {
      "code": "100000095785",
      "display": "drospirenone and ethinylestradiol",
      "definition": "G03AA12"
    },
    {
      "code": "100000097305",
      "display": "paracetamol",
      "definition": "N02BE01"
    },
    {
      "code": "100000096183",
      "display": "cefuroxime",
      "definition": "J01DC02"
    },
    {
      "code": "100000096162",
      "display": "amoxicillin and beta-lactamase inhibitor",
      "definition": "J01CR02"
    },
    {
      "code": "100000094266",
      "display": "enoxaparin",
      "definition": "B01AB05"
    },
    {
      "code": "100000095693",
      "display": "clotrimazole",
      "definition": "G01AF02"
    },
    {
      "code": "100000094023",
      "display": "insulin glargine",
      "definition": "A10AE04"
    },
    {
      "code": "100000095169",
      "display": "simvastatin",
      "definition": "C10AA01"
    },
    {
      "code": "100000097377",
      "display": "carbamazepine",
      "definition": "N03AF01"
    },
    {
      "code": "100000096928",
      "display": "ibuprofen",
      "definition": "M01AE01"
    },
    {
      "code": "100000095765",
      "display": "ibuprofen",
      "definition": "G02CC01"
    },
    {
      "code": "100000094669",
      "display": "ibuprofen",
      "definition": "C01EB16"
    },
    {
      "code": "100000097010",
      "display": "ibuprofen",
      "definition": "M02AA13"
    },
    {
      "code": "100000167249",
      "display": "ibuprofen",
      "definition": "R02AX02"
    }
  ],
  "contact": [
    {
      "telecom": [
        {
          "system": "email"
        }
      ]
    }
  ],
  "compositional": false,
  "caseSensitive": true,
  "experimental": false,
  "count": 17
}
