{
  "resourceType": "CodeSystem",
  "status": "draft",
  "content": "complete",
  "name": "Material_EMA_CS",
  "id": "material-ema-cs",
  "title": "Material EMA",
  "description": "Package material. EMA SPOR RMS list. Hierarchical.",
  "version": "0.1.0",
  "url": "https://spor.ema.europa.eu/v1/lists/200000003199",
  "concept": [
    {
      "code": "200000025262",
      "display": "PolyEthylene TerePhthalate Glycol"
    },
    {
      "code": "200000025919",
      "display": "Titanium Dioxide"
    },
    {
      "code": "200000003205",
      "display": "Glass type II",
      "property": [
        {
          "code": "parent",
          "valueCode": "200000003203"
        }
      ]
    },
    {
      "code": "200000003206",
      "display": "Glass type III",
      "property": [
        {
          "code": "parent",
          "valueCode": "200000003203"
        }
      ]
    },
    {
      "code": "200000003207",
      "display": "Paper"
    },
    {
      "code": "200000015521",
      "display": "PolyEthylene copolymer"
    },
    {
      "code": "200000027028",
      "display": "Ethylene-Vinyl Acetate"
    },
    {
      "code": "200000003201",
      "display": "Cyclic Olefin Copolymer"
    },
    {
      "code": "200000003202",
      "display": "Epoxyphenol"
    },
    {
      "code": "200000003203",
      "display": "Glass"
    },
    {
      "code": "200000003208",
      "display": "Plastic"
    },
    {
      "code": "200000003209",
      "display": "PolyAmide"
    },
    {
      "code": "200000003210",
      "display": "Orientated PolyAmide",
      "property": [
        {
          "code": "parent",
          "valueCode": "200000003209"
        }
      ]
    },
    {
      "code": "200000003211",
      "display": "PolyCarbonate"
    },
    {
      "code": "200000003212",
      "display": "PolyChloroTriFluoroEthylene"
    },
    {
      "code": "200000003213",
      "display": "Polyester"
    },
    {
      "code": "200000003214",
      "display": "PolyEthylene"
    },
    {
      "code": "200000003216",
      "display": "Low Density PolyEthylene",
      "property": [
        {
          "code": "parent",
          "valueCode": "200000003214"
        }
      ]
    },
    {
      "code": "200000003217",
      "display": "PolyEthylene TerePhthalate"
    },
    {
      "code": "200000003218",
      "display": "Polyolefin"
    },
    {
      "code": "200000003219",
      "display": "PolyPropylene"
    },
    {
      "code": "200000003220",
      "display": "PolyStyrene"
    },
    {
      "code": "200000003221",
      "display": "PolyVinyl Acetate"
    },
    {
      "code": "200000003222",
      "display": "PolyVinyl Chloride"
    },
    {
      "code": "200000003223",
      "display": "Plasticised PolyVinyl Chloride",
      "property": [
        {
          "code": "parent",
          "valueCode": "200000003222"
        }
      ]
    },
    {
      "code": "200000003224",
      "display": "Non-plasticised PolyVinyl Chloride / Unplasticised PolyVinyl Chloride",
      "property": [
        {
          "code": "parent",
          "valueCode": "200000003222"
        }
      ]
    },
    {
      "code": "200000003225",
      "display": "PolyVinylidene Chloride"
    },
    {
      "code": "200000003226",
      "display": "Rubber"
    },
    {
      "code": "200000003227",
      "display": "Silicone oil"
    },
    {
      "code": "200000003228",
      "display": "Silicone elastomer"
    },
    {
      "code": "200000003229",
      "display": "Steel"
    },
    {
      "code": "200000003529",
      "display": "Cardboard"
    },
    {
      "code": "200000012514",
      "display": "PolyAcryloNitrile"
    },
    {
      "code": "200000012515",
      "display": "Ethylene acrylic acid copolymer"
    },
    {
      "code": "200000012521",
      "display": "Ethylene meta-acrylic acid"
    },
    {
      "code": "200000012522",
      "display": "Ethylene-Vinyl Alcohol copolymer"
    },
    {
      "code": "200000012523",
      "display": "PolyVinylidene Fluoride"
    },
    {
      "code": "200000012524",
      "display": "Medium Density PolyEthylene"
    },
    {
      "code": "200000023330",
      "display": "Expanded Polyethylene"
    },
    {
      "code": "200000025255",
      "display": "Silica gel"
    },
    {
      "code": "200000025257",
      "display": "Linear Low Density PolyEthylene",
      "property": [
        {
          "code": "parent",
          "valueCode": "200000003216"
        }
      ]
    },
    {
      "code": "200000025918",
      "display": "PolyButyl Methacrylate"
    },
    {
      "code": "200000025920",
      "display": "PolyButylene Terephthalate"
    },
    {
      "code": "200000025921",
      "display": "Acrylonitrile Butadiene Styrene"
    },
    {
      "code": "200000025922",
      "display": "PolyOxyMethylene"
    },
    {
      "code": "200000025923",
      "display": "Chlorobutyl Rubber"
    },
    {
      "code": "200000003200",
      "display": "Aluminium"
    },
    {
      "code": "200000003204",
      "display": "Glass type I",
      "property": [
        {
          "code": "parent",
          "valueCode": "200000003203"
        }
      ]
    },
    {
      "code": "200000003215",
      "display": "High Density PolyEthylene",
      "property": [
        {
          "code": "parent",
          "valueCode": "200000003214"
        }
      ]
    },
    {
      "code": "200000012538",
      "display": "Syndiotactic Polypropylene",
      "property": [
        {
          "code": "parent",
          "valueCode": "200000003219"
        }
      ]
    },
    {
      "code": "200000023332",
      "display": "Cyclic Olefin Polymer"
    },
    {
      "code": "200000026009",
      "display": "Bromobutyl Rubber"
    }
  ],
  "experimental": false,
  "caseSensitive": true,
  "compositional": false,
  "count": 52
}
