{
  "resourceType": "ManufacturedItemDefinition",
  "id": "CanifugCremolum-100mg-Pessary-EE-MID",
  "meta": {
    "profile": [
      "http://unicom-project.eu/fhir/StructureDefinition/PPLManufacturedItemDefinition"
    ]
  },
  "status": "active",
  "manufacturedDoseForm": {
    "coding": [
      {
        "code": "100000073815",
        "system": "https://spor.ema.europa.eu/v1/lists/200000000004",
        "display": "Pessary"
      }
    ]
  },
  "unitOfPresentation": {
    "coding": [
      {
        "code": "200000002137",
        "system": "https://spor.ema.europa.eu/v1/lists/200000000014",
        "display": "Pessary"
      }
    ]
  }
}
