{
  "resourceType": "MedicinalProductDefinition",
  "id": "Agen-5mg-Tablet-EE-MPD",
  "meta": {
    "profile": [
      "http://unicom-project.eu/fhir/StructureDefinition/PPLMedicinalProductDefinition"
    ]
  },
  "identifier": [
    {
      "system": "http://ema.europa.eu/fhir/mpId",
      "value": "EE-100002580-15547"
    }
  ],
  "name": [
    {
      "part": [
        {
          "type": {
            "coding": [
              {
                "code": "220000000002",
                "system": "https://spor.ema.europa.eu/v1/lists/220000000000",
                "display": "Invented name part"
              }
            ]
          },
          "part": "AGEN"
        },
        {
          "type": {
            "coding": [
              {
                "code": "220000000004",
                "system": "https://spor.ema.europa.eu/v1/lists/220000000000",
                "display": "Strength part"
              }
            ]
          },
          "part": "5 mg"
        },
        {
          "type": {
            "coding": [
              {
                "code": "220000000005",
                "system": "https://spor.ema.europa.eu/v1/lists/220000000000",
                "display": "Pharmaceutical dose form part"
              }
            ]
          },
          "part": "tabletid"
        }
      ],
      "usage": [
        {
          "country": {
            "coding": [
              {
                "system": "https://spor.ema.europa.eu/v1/lists/100000000002",
                "code": "100000000388",
                "display": "Republic of Estonia"
              }
            ]
          },
          "language": {
            "coding": [
              {
                "code": "et",
                "system": "urn:ietf:bcp:47",
                "display": "Estonian"
              }
            ]
          }
        }
      ],
      "productName": "AGEN 5 mg tabletid"
    }
  ],
  "domain": {
    "coding": [
      {
        "code": "100000000012",
        "system": "https://spor.ema.europa.eu/v1/lists/100000000004",
        "display": "Human use"
      }
    ]
  },
  "status": {
    "coding": [
      {
        "code": "200000005004",
        "system": "https://spor.ema.europa.eu/v1/lists/200000005003",
        "display": "Current"
      }
    ]
  },
  "combinedPharmaceuticalDoseForm": {
    "coding": [
      {
        "code": "100000073664",
        "system": "https://spor.ema.europa.eu/v1/lists/200000000004",
        "display": "Tablet"
      }
    ]
  },
  "legalStatusOfSupply": {
    "coding": [
      {
        "code": "100000072084",
        "system": "https://spor.ema.europa.eu/v1/lists/100000072051",
        "display": "Medicinal product subject to medical prescription"
      }
    ]
  },
  "classification": [
    {
      "coding": [
        {
          "code": "100000095065",
          "system": "https://spor.ema.europa.eu/v1/lists/100000093533",
          "display": "amlodipine"
        }
      ]
    },
    {
      "coding": [
        {
          "code": "C08CA01",
          "system": "http://www.whocc.no/atc",
          "display": "amlodipine"
        }
      ]
    }
  ]
}
