{
  "resourceType": "MedicinalProductDefinition",
  "id": "CanifugCremolum-EE-MPD",
  "meta": {
    "profile": [
      "http://unicom-project.eu/fhir/StructureDefinition/PPLMedicinalProductDefinition"
    ]
  },
  "identifier": [
    {
      "system": "http://ema.europa.eu/fhir/mpId",
      "value": "EE-100004795-10280"
    },
    {
      "system": "http://ema.europa.eu/fhir/pmsId",
      "value": "EE00000003"
    }
  ],
  "name": [
    {
      "part": [
        {
          "type": {
            "coding": [
              {
                "code": "220000000002",
                "system": "https://spor.ema.europa.eu/v1/lists/220000000000",
                "display": "Invented name part"
              }
            ]
          },
          "part": "Canifug Cremolum"
        }
      ],
      "usage": [
        {
          "country": {
            "coding": [
              {
                "system": "https://spor.ema.europa.eu/v1/lists/100000000002",
                "code": "100000000388",
                "display": "Republic of Estonia"
              }
            ]
          },
          "language": {
            "coding": [
              {
                "code": "et",
                "system": "urn:ietf:bcp:47",
                "display": "Estonian"
              }
            ]
          }
        }
      ],
      "productName": "Canifug Cremolum"
    }
  ],
  "domain": {
    "coding": [
      {
        "code": "100000000012",
        "system": "https://spor.ema.europa.eu/v1/lists/100000000004",
        "display": "Human use"
      }
    ]
  },
  "status": {
    "coding": [
      {
        "code": "200000005004",
        "system": "https://spor.ema.europa.eu/v1/lists/200000005003",
        "display": "Current"
      }
    ]
  },
  "combinedPharmaceuticalDoseForm": {
    "coding": [
      {
        "code": "100000173972",
        "system": "https://spor.ema.europa.eu/v1/lists/200000000008",
        "display": "Cream + pessary"
      }
    ]
  },
  "legalStatusOfSupply": {
    "coding": [
      {
        "code": "100000072084",
        "system": "https://spor.ema.europa.eu/v1/lists/100000072051",
        "display": "Medicinal Product subject to medical prescription"
      }
    ]
  },
  "classification": [
    {
      "coding": [
        {
          "code": "100000095693",
          "system": "https://spor.ema.europa.eu/v1/lists/100000093533",
          "display": "clotrimazole"
        }
      ]
    },
    {
      "coding": [
        {
          "code": "G01AF02",
          "system": "http://www.whocc.no/atc",
          "display": "clotrimazole"
        }
      ]
    }
  ]
}
