{
  "resourceType": "MedicinalProductDefinition",
  "id": "NITASTIN-F-C-TAB-40MG-TAB-364-GRC-MPD",
  "meta": {
    "profile": [
      "http://unicom-project.eu/fhir/StructureDefinition/PPLMedicinalProductDefinition"
    ]
  },
  "identifier": [
    {
      "system": "http://ema.europa.eu/fhir/mpId",
      "value": "NITASTIN-F-C-TAB-40MG-TAB-364-GRC-MPD"
    }
  ],
  "name": [
    {
      "usage": [
        {
          "country": {
            "coding": [
              {
                "system": "https://spor.ema.europa.eu/v1/lists/100000000002",
                "code": "100000000406",
                "display": "Hellenic Republic"
              }
            ]
          },
          "language": {
            "coding": [
              {
                "code": "100000072181",
                "system": "https://spor.ema.europa.eu/v1/lists/100000072057",
                "display": "Greek"
              }
            ]
          }
        }
      ],
      "productName": "NITASTIN F.C.TAB 40MG/TAB"
    }
  ],
  "domain": {
    "coding": [
      {
        "code": "100000000012",
        "system": "https://spor.ema.europa.eu/v1/lists/100000000004",
        "display": "Human use"
      }
    ]
  },
  "status": {
    "coding": [
      {
        "code": "200000005004",
        "system": "https://spor.ema.europa.eu/v1/lists/200000005003",
        "display": "Provisional"
      }
    ]
  },
  "combinedPharmaceuticalDoseForm": {
    "coding": [
      {
        "code": "100000073665",
        "system": "https://spor.ema.europa.eu/v1/lists/200000000004",
        "display": "Film-coated tablet"
      }
    ]
  },
  "legalStatusOfSupply": {
    "coding": [
      {
        "code": "100000072084",
        "system": "https://spor.ema.europa.eu/v1/lists/100000072051",
        "display": "Medicinal Product subject to medical prescription"
      }
    ]
  },
  "classification": [
    {
      "coding": [
        {
          "code": "100000095169",
          "system": "https://spor.ema.europa.eu/v1/lists/100000093533",
          "display": "simvastatin"
        }
      ]
    },
    {
      "coding": [
        {
          "code": "C10AA01",
          "system": "http://www.whocc.no/atc",
          "display": "simvastatin"
        }
      ]
    }
  ]
}
