{
  "resourceType": "PackagedProductDefinition",
  "id": "CanifugCremolum-EE-PPD-1033692",
  "meta": {
    "profile": [
      "http://unicom-project.eu/fhir/StructureDefinition/PPLPackagedProductDefinition"
    ]
  },
  "identifier": [
    {
      "system": "http://ema.europa.eu/example/pcid",
      "value": "EE-100004795-10280-1033692"
    }
  ],
  "packageFor": [
    {
      "reference": "MedicinalProductDefinition/CanifugCremolum-EE-MPD"
    }
  ],
  "containedItemQuantity": [
    {
      "value": 6,
      "code": "200000002137",
      "system": "https://spor.ema.europa.eu/v1/lists/200000000014",
      "unit": "Pessary"
    },
    {
      "value": 1,
      "code": "200000002156",
      "system": "https://spor.ema.europa.eu/v1/lists/200000000014",
      "unit": "Tube"
    }
  ],
  "description": "Alu/PE-fooliumist valmistatud ribapakend, mis on asetatud väliskarpi. Kreem on alumiiniumtuubis ja omakorda pappkarbis. Kombineeritud pakend sisaldab: 6 vaginaalsuposiiti ja 20 g kreemi",
  "marketingStatus": [
    {
      "country": {
        "coding": [
          {
            "code": "100000000388",
            "system": "https://spor.ema.europa.eu/v1/lists/100000000002",
            "display": "Republic of Estonia"
          }
        ]
      },
      "status": {
        "coding": [
          {
            "code": "100000072083",
            "system": "https://spor.ema.europa.eu/v1/lists/100000072052",
            "display": "Marketed"
          }
        ]
      }
    }
  ],
  "packaging": {
    "type": {
      "coding": [
        {
          "code": "100000073498",
          "system": "https://spor.ema.europa.eu/v1/lists/100000073346",
          "display": "Box"
        }
      ]
    },
    "quantity": 1,
    "material": [
      {
        "coding": [
          {
            "code": "200000003529",
            "system": "https://spor.ema.europa.eu/v1/lists/200000003199",
            "display": "Cardboard"
          }
        ]
      }
    ],
    "packaging": [
      {
        "type": {
          "coding": [
            {
              "code": "100000073559",
              "system": "https://spor.ema.europa.eu/v1/lists/100000073346",
              "display": "Strip"
            }
          ]
        },
        "quantity": 1,
        "material": [
          {
            "coding": [
              {
                "code": "200000003200",
                "system": "https://spor.ema.europa.eu/v1/lists/200000003199",
                "display": "Aluminium"
              }
            ]
          },
          {
            "coding": [
              {
                "code": "200000003214",
                "system": "https://spor.ema.europa.eu/v1/lists/200000003199",
                "display": "PolyEthylene"
              }
            ]
          }
        ],
        "containedItem": [
          {
            "item": {
              "reference": {
                "reference": "ManufacturedItemDefinition/CanifugCremolum-100mg-Pessary-EE-MID"
              }
            },
            "amount": {
              "value": 6
            }
          }
        ]
      },
      {
        "type": {
          "coding": [
            {
              "code": "100000073561",
              "system": "https://spor.ema.europa.eu/v1/lists/100000073346",
              "display": "Tube"
            }
          ]
        },
        "quantity": 1,
        "material": [
          {
            "coding": [
              {
                "code": "200000003200",
                "system": "https://spor.ema.europa.eu/v1/lists/200000003199",
                "display": "Aluminium"
              }
            ]
          }
        ],
        "containedItem": [
          {
            "item": {
              "reference": {
                "reference": "ManufacturedItemDefinition/CanifugCremolum-10mg1g-Cream-EE-MID"
              }
            },
            "amount": {
              "value": 20,
              "code": "100000110654",
              "system": "https://spor.ema.europa.eu/v1/lists/100000110633",
              "unit": "gram(s)"
            }
          }
        ]
      }
    ]
  }
}
