{
  "resourceType": "PackagedProductDefinition",
  "id": "Cefuroxime-MIP-1500mg-EE-PPD-1529940",
  "meta": {
    "profile": [
      "http://unicom-project.eu/fhir/StructureDefinition/PPLPackagedProductDefinition"
    ]
  },
  "identifier": [
    {
      "system": "http://ema.europa.eu/example/pcid",
      "value": "EE-100009199-27834-1529940"
    }
  ],
  "packageFor": [
    {
      "reference": "MedicinalProductDefinition/Cefuroxime-MIP-1500mg-EE-MPD"
    }
  ],
  "containedItemQuantity": [
    {
      "value": 1,
      "code": "200000002158",
      "system": "https://spor.ema.europa.eu/v1/lists/200000000014",
      "unit": "vial"
    }
  ],
  "description": "I tüüpi klaasist viaal, mis on suletud klorobutüülkummist korgi ning flip-off kattega, 1 viaal",
  "marketingStatus": [
    {
      "country": {
        "coding": [
          {
            "code": "100000000388",
            "system": "https://spor.ema.europa.eu/v1/lists/100000000002",
            "display": "Republic of Estonia"
          }
        ]
      },
      "status": {
        "coding": [
          {
            "code": "100000072083",
            "system": "https://spor.ema.europa.eu/v1/lists/100000072052",
            "display": "Marketed"
          }
        ]
      }
    }
  ],
  "packaging": {
    "type": {
      "coding": [
        {
          "code": "100000073498",
          "system": "https://spor.ema.europa.eu/v1/lists/100000073346",
          "display": "Box"
        }
      ]
    },
    "quantity": 1,
    "material": [
      {
        "coding": [
          {
            "code": "200000003529",
            "system": "https://spor.ema.europa.eu/v1/lists/200000003199",
            "display": "Cardboard"
          }
        ]
      }
    ],
    "packaging": [
      {
        "type": {
          "coding": [
            {
              "code": "100000073563",
              "system": "https://spor.ema.europa.eu/v1/lists/100000073346",
              "display": "vial"
            }
          ]
        },
        "quantity": 1,
        "material": [
          {
            "coding": [
              {
                "code": "200000003204",
                "system": "https://spor.ema.europa.eu/v1/lists/200000003199",
                "display": "Glass type I"
              }
            ]
          }
        ],
        "containedItem": [
          {
            "item": {
              "reference": {
                "reference": "ManufacturedItemDefinition/Cefuroxime-MIP-1500mg-EE-MID"
              }
            },
            "amount": {
              "value": 1
            }
          }
        ]
      }
    ]
  }
}
