{
  "resourceType": "SearchParameter",
  "id": "reference-strength-substance",
  "url": "http://unicom-project.eu/fhir/SearchParameter/reference-strength-substance",
  "status": "active",
  "name": "reference-strength-substance",
  "description": "Possiblity to search ingredient for substance.strength.referenceStrength.substance.concept",
  "code": "reference-strength-substance",
  "base": [
    "Ingredient"
  ],
  "type": "token",
  "expression": "Ingredient.substance.strength.referenceStrength.substance.concept",
  "processingMode": "normal"
}
