{
  "resourceType": "SearchParameter",
  "id": "strength-presentation-ratio-denominator",
  "url": "http://unicom-project.eu/fhir/SearchParameter/strength-presentation-ratio-denominator",
  "status": "active",
  "name": "strength-presentation-ratio-numerator",
  "description": "Possiblity to search for Ingredient.substance.strength.presentation.ofType(Ratio).denominator",
  "code": "strength-presentation-ratio-denominator",
  "base": [
    "Ingredient"
  ],
  "type": "quantity",
  "expression": "Ingredient.substance.strength.presentation.ofType(Ratio).denominator",
  "processingMode": "normal"
}
