{
  "resourceType": "StructureDefinition",
  "id": "TransitionPackagedProductDefinition",
  "url": "http://unicom-project.eu/fhir/StructureDefinition/TransitionPackagedProductDefinition",
  "version": "0.1.0",
  "name": "TransitionPackagedProductDefinition",
  "title": "Processing Profile - Packaged Product",
  "status": "active",
  "description": "Intermediate profile for processing PPL Packaged Product data",
  "fhirVersion": "5.0.0",
  "mapping": [
    {
      "identity": "w5",
      "uri": "http://hl7.org/fhir/fivews",
      "name": "FiveWs Pattern Mapping"
    },
    {
      "identity": "idmp",
      "uri": "https://www.iso.org/obp/ui/#iso:std:iso:11615",
      "name": "IDMP Mapping"
    },
    {
      "identity": "rim",
      "uri": "http://hl7.org/v3",
      "name": "RIM Mapping"
    }
  ],
  "kind": "resource",
  "abstract": false,
  "type": "PackagedProductDefinition",
  "baseDefinition": "http://hl7.org/fhir/StructureDefinition/PackagedProductDefinition",
  "derivation": "constraint",
  "differential": {
    "element": [
      {
        "id": "PackagedProductDefinition.identifier",
        "path": "PackagedProductDefinition.identifier",
        "slicing": {
          "discriminator": [
            {
              "type": "pattern",
              "path": "system"
            }
          ],
          "rules": "open"
        },
        "short": "Identifier for the packaged product: PCID, national ID, or other",
        "definition": "Identifier for the packaged product: PCID, national code or other."
      },
      {
        "id": "PackagedProductDefinition.identifier:pcid",
        "path": "PackagedProductDefinition.identifier",
        "sliceName": "pcid",
        "short": "PCID for the product. Consists of MPID + unique package code. For the same product PCID is different if the package material is different.",
        "definition": "EMA IG 4.1",
        "min": 0,
        "max": "1"
      },
      {
        "id": "PackagedProductDefinition.identifier:pcid.system",
        "path": "PackagedProductDefinition.identifier.system",
        "min": 1,
        "patternUri": "http://ema.europa.eu/example/pcid"
      },
      {
        "id": "PackagedProductDefinition.packageFor",
        "path": "PackagedProductDefinition.packageFor",
        "type": [
          {
            "code": "Reference",
            "targetProfile": [
              "http://unicom-project.eu/fhir/StructureDefinition/TransitionMedicinalProductDefinition"
            ]
          }
        ]
      },
      {
        "id": "PackagedProductDefinition.containedItemQuantity",
        "path": "PackagedProductDefinition.containedItemQuantity",
        "short": "Pack size. Repeated for combination packages.",
        "definition": "EMA IG 4.4"
      },
      {
        "id": "PackagedProductDefinition.description",
        "path": "PackagedProductDefinition.description",
        "definition": "EMA IG 4.2"
      },
      {
        "id": "PackagedProductDefinition.legalStatusOfSupply",
        "path": "PackagedProductDefinition.legalStatusOfSupply",
        "short": "Legal status of supply on the packaged product level.",
        "definition": "EMA IG 4.5. Legal status of supply on the packaged product level. The same information can be repeated/differentiated on the medicinal product level",
        "max": "1"
      },
      {
        "id": "PackagedProductDefinition.marketingStatus",
        "path": "PackagedProductDefinition.marketingStatus",
        "definition": "EMA IG 4.6"
      },
      {
        "id": "PackagedProductDefinition.packaging.type",
        "path": "PackagedProductDefinition.packaging.type",
        "short": "Container type",
        "definition": "EMA IG 4.8.1"
      },
      {
        "id": "PackagedProductDefinition.packaging.quantity",
        "path": "PackagedProductDefinition.packaging.quantity",
        "definition": "EMA IG 4.8.5"
      },
      {
        "id": "PackagedProductDefinition.packaging.material",
        "path": "PackagedProductDefinition.packaging.material",
        "definition": "EMA IG 4.8.7"
      },
      {
        "id": "PackagedProductDefinition.packaging.containedItem",
        "path": "PackagedProductDefinition.packaging.containedItem",
        "short": "An item (inner package or manufactured item) within the packaging",
        "definition": "EMA IG 4.9 or 4.8.3"
      },
      {
        "id": "PackagedProductDefinition.packaging.containedItem.item",
        "path": "PackagedProductDefinition.packaging.containedItem.item",
        "type": [
          {
            "code": "CodeableReference",
            "targetProfile": [
              "http://unicom-project.eu/fhir/StructureDefinition/TransitionPackagedProductDefinition",
              "http://unicom-project.eu/fhir/StructureDefinition/TransitionManufacturedItemDefinition"
            ]
          }
        ]
      },
      {
        "id": "PackagedProductDefinition.packaging.containedItem.amount",
        "path": "PackagedProductDefinition.packaging.containedItem.amount",
        "short": "Number of the manufactured items (e.g. tablets) in this package layer or the amount of manufactured item (e.g. 20 g) in the unit of presentation defined in manufactured item definition",
        "definition": "EMA IG 4.11.2"
      }
    ]
  }
}
