{
  "resourceType": "StructureDefinition",
  "id": "PQ",
  "url": "http://unicom-project.eu/fhir/StructureDefinition/PQ",
  "version": "0.1.0",
  "name": "PQ",
  "status": "active",
  "description": "PhysicalQuantity",
  "fhirVersion": "5.0.0",
  "mapping": [
    {
      "identity": "rim",
      "uri": "http://hl7.org/v3",
      "name": "RIM Mapping"
    }
  ],
  "kind": "complex-type",
  "abstract": false,
  "type": "Element",
  "baseDefinition": "http://hl7.org/fhir/StructureDefinition/Element",
  "derivation": "constraint",
  "differential": {
    "element": [
      {
        "id": "Element",
        "path": "Element",
        "short": "Physical, measurable quantity with unit",
        "definition": "Elements of this data type are physical quantities, i.e. a measurable quantity (or countable) value from the physical world. This is different from just a “number”, because there is a (natural) unit specified in which the measurable quantity is expressed."
      }
    ]
  }
}
