{
  "resourceType": "StructureDefinition",
  "id": "TransitionIngredient",
  "url": "http://unicom-project.eu/fhir/StructureDefinition/TransitionIngredient",
  "version": "0.1.0",
  "name": "TransitionIngredient",
  "title": "Processing Profile - Ingredient",
  "status": "active",
  "description": "Intermediate profile for processing PPL Ingredient data",
  "fhirVersion": "5.0.0",
  "mapping": [
    {
      "identity": "w5",
      "uri": "http://hl7.org/fhir/fivews",
      "name": "FiveWs Pattern Mapping"
    },
    {
      "identity": "idmp",
      "uri": "https://www.iso.org/obp/ui/#iso:std:iso:11615",
      "name": "IDMP Mapping"
    },
    {
      "identity": "rim",
      "uri": "http://hl7.org/v3",
      "name": "RIM Mapping"
    }
  ],
  "kind": "resource",
  "abstract": false,
  "type": "Ingredient",
  "baseDefinition": "http://hl7.org/fhir/StructureDefinition/Ingredient",
  "derivation": "constraint",
  "differential": {
    "element": [
      {
        "id": "Ingredient.for",
        "path": "Ingredient.for",
        "short": "Reference to the medicinal product, pharmaceutical product and/or manufactured item where the ingredient is used",
        "type": [
          {
            "code": "Reference",
            "targetProfile": [
              "http://unicom-project.eu/fhir/StructureDefinition/TransitionMedicinalProductDefinition",
              "http://unicom-project.eu/fhir/StructureDefinition/TransitionAdministrableProductDefinition",
              "http://unicom-project.eu/fhir/StructureDefinition/TransitionManufacturedItemDefinition"
            ]
          }
        ]
      },
      {
        "id": "Ingredient.role",
        "path": "Ingredient.role",
        "short": "Role of the ingredient. PPL data normally only includes active ingredients.",
        "definition": "EMA IG 5.1"
      },
      {
        "id": "Ingredient.substance",
        "path": "Ingredient.substance",
        "short": "Substance code from EMA SMS",
        "definition": "EMA IG 5.5"
      },
      {
        "id": "Ingredient.substance.code",
        "path": "Ingredient.substance.code",
        "binding": {
          "strength": "example",
          "valueSet": "http://unicom-project.eu/fhir/ValueSet/substances-vs"
        }
      },
      {
        "id": "Ingredient.substance.strength",
        "path": "Ingredient.substance.strength",
        "definition": "EMA IG 5.5.2"
      },
      {
        "id": "Ingredient.substance.strength.presentationRatio",
        "path": "Ingredient.substance.strength.presentationRatio",
        "short": "Strength per unit of presentation (10mg/vial or 10mg/0.5ml where 0.5ml is the size of the vial)",
        "definition": "EMA IG 5.5.2",
        "min": 0,
        "max": "1",
        "type": [
          {
            "code": "Ratio"
          }
        ]
      },
      {
        "id": "Ingredient.substance.strength.concentrationRatio",
        "path": "Ingredient.substance.strength.concentrationRatio",
        "short": "Strength per unit of measurement (20mg/1ml)",
        "definition": "EMA IG 5.5.2",
        "min": 0,
        "max": "1",
        "type": [
          {
            "code": "Ratio"
          }
        ]
      },
      {
        "id": "Ingredient.substance.strength.referenceStrength",
        "path": "Ingredient.substance.strength.referenceStrength",
        "short": "Strenth expressed in terms of a reference substance; reference strength type not distinguished. According to EMA IG, all products need to have reference strentgh (repeating the strentgh, if needed)",
        "definition": "EMA IG 5.5.3. According to EMA, this is a mandatory element for all products, which is not necessarily accepted by all NCAs, and it is ambivalent in ISO IDMP."
      },
      {
        "id": "Ingredient.substance.strength.referenceStrength.substance",
        "path": "Ingredient.substance.strength.referenceStrength.substance",
        "short": "Substance code from EMA SMS",
        "binding": {
          "strength": "example",
          "valueSet": "http://unicom-project.eu/fhir/ValueSet/substances-vs"
        }
      }
    ]
  }
}
