{
  "resourceType": "StructureDefinition",
  "id": "PPLRegulatedAuthorization",
  "url": "http://unicom-project.eu/fhir/StructureDefinition/PPLRegulatedAuthorization",
  "version": "0.1.0",
  "name": "PPLRegulatedAuthorization",
  "title": "PPL Marketing Authorisation profile",
  "status": "active",
  "description": "Regulated Authorization profile defines the Marketing Authorisation on product or package level",
  "fhirVersion": "5.0.0",
  "mapping": [
    {
      "identity": "w5",
      "uri": "http://hl7.org/fhir/fivews",
      "name": "FiveWs Pattern Mapping"
    },
    {
      "identity": "idmp",
      "uri": "https://www.iso.org/obp/ui/#iso:std:iso:11615",
      "name": "IDMP Mapping"
    },
    {
      "identity": "rim",
      "uri": "http://hl7.org/v3",
      "name": "RIM Mapping"
    }
  ],
  "kind": "resource",
  "abstract": false,
  "type": "RegulatedAuthorization",
  "baseDefinition": "http://hl7.org/fhir/StructureDefinition/RegulatedAuthorization",
  "derivation": "constraint",
  "differential": {
    "element": [
      {
        "id": "RegulatedAuthorization.identifier",
        "path": "RegulatedAuthorization.identifier",
        "short": "Marketing authorisation number",
        "definition": "EMA IG 2.2",
        "min": 1
      },
      {
        "id": "RegulatedAuthorization.identifier.system",
        "path": "RegulatedAuthorization.identifier.system",
        "patternUri": "http://ema.europa.eu/fhir/marketingAuthorizationNumber"
      },
      {
        "id": "RegulatedAuthorization.subject",
        "path": "RegulatedAuthorization.subject",
        "short": "Reference to the medicinal product or a single package, depending on how the MA has been issued",
        "min": 1,
        "max": "1",
        "type": [
          {
            "code": "Reference",
            "targetProfile": [
              "http://unicom-project.eu/fhir/StructureDefinition/PPLMedicinalProductDefinition",
              "http://unicom-project.eu/fhir/StructureDefinition/PPLPackagedProductDefinition"
            ]
          }
        ]
      },
      {
        "id": "RegulatedAuthorization.type",
        "path": "RegulatedAuthorization.type",
        "min": 1,
        "patternCodeableConcept": {
          "coding": [
            {
              "code": "220000000061",
              "system": "https://spor.ema.europa.eu/v1/lists/220000000060",
              "display": "Marketing Authorisation"
            }
          ]
        }
      },
      {
        "id": "RegulatedAuthorization.region",
        "path": "RegulatedAuthorization.region",
        "min": 1,
        "max": "1"
      },
      {
        "id": "RegulatedAuthorization.region.coding",
        "path": "RegulatedAuthorization.region.coding",
        "definition": "EMA IG 2.3",
        "binding": {
          "strength": "required",
          "valueSet": "http://unicom-project.eu/fhir/ValueSet/country-ema-vs"
        }
      },
      {
        "id": "RegulatedAuthorization.status",
        "path": "RegulatedAuthorization.status",
        "short": "Marketing authorisation status",
        "definition": "EMA IG 2.4",
        "min": 1,
        "binding": {
          "strength": "required",
          "valueSet": "http://unicom-project.eu/fhir/ValueSet/regulatory-status-spor-vs"
        }
      },
      {
        "id": "RegulatedAuthorization.statusDate",
        "path": "RegulatedAuthorization.statusDate",
        "short": "Issue/changing date of the marketing authorisation",
        "definition": "EMA IG 2.5"
      },
      {
        "id": "RegulatedAuthorization.holder",
        "path": "RegulatedAuthorization.holder",
        "definition": "EMA IG 2.8",
        "min": 1,
        "type": [
          {
            "code": "Reference",
            "targetProfile": [
              "http://unicom-project.eu/fhir/StructureDefinition/PPLOrganization"
            ]
          }
        ]
      }
    ]
  }
}
