{
  "resourceType": "StructureDefinition",
  "id": "INT",
  "url": "http://unicom-project.eu/fhir/StructureDefinition/INT",
  "version": "0.1.0",
  "name": "INT",
  "status": "active",
  "description": "IntegerNumber",
  "fhirVersion": "5.0.0",
  "mapping": [
    {
      "identity": "rim",
      "uri": "http://hl7.org/v3",
      "name": "RIM Mapping"
    }
  ],
  "kind": "complex-type",
  "abstract": false,
  "type": "Element",
  "baseDefinition": "http://hl7.org/fhir/StructureDefinition/Element",
  "derivation": "constraint",
  "differential": {
    "element": [
      {
        "id": "Element",
        "path": "Element",
        "short": "Integer numbers",
        "definition": "Integer numbers (-1,0,1,2, 100, 3398129, etc.) are precise numbers that are results of counting and enumerating. Integer numbers are discrete, the set of integers is infinite but countable."
      }
    ]
  }
}
