{
  "resourceType": "ValueSet",
  "id": "unit-of-presentation",
  "url": "http://unicom-project.eu/fhir/ValueSet/unit-of-presentation",
  "title": "EDQM Unit of Presentation",
  "description": "ValueSet Unit of presentation from EDQM, UOP, see https://standardterms.edqm.eu/#",
  "name": "UnitOfPresentation",
  "status": "active",
  "experimental": false,
  "immutable": false,
  "compose": {
    "include": [
      {
        "system": "https://standardterms.edqm.eu",
        "concept": [
          {
            "code": "15001000",
            "display": "Actuation",
            "designation": [
              {
                "language": "de",
                "value": "Betätigung (Sprühstoß)"
              },
              {
                "language": "el",
                "value": "Ενεργοποίηση"
              },
              {
                "language": "es",
                "value": "Pulsación"
              },
              {
                "language": "fr",
                "value": "Bouffée"
              },
              {
                "language": "it",
                "value": "Erogazione"
              },
              {
                "language": "pt",
                "value": "Aplicação"
              }
            ]
          },
          {
            "code": "15002000",
            "display": "Ampoule",
            "designation": [
              {
                "language": "de",
                "value": "Ampulle"
              },
              {
                "language": "el",
                "value": "Φύσιγγα"
              },
              {
                "language": "es",
                "value": "Ampolla"
              },
              {
                "language": "fr",
                "value": "Ampoule"
              },
              {
                "language": "it",
                "value": "Fiala"
              },
              {
                "language": "pt",
                "value": "Ampola"
              }
            ]
          },
          {
            "code": "15004000",
            "display": "Applicator",
            "designation": [
              {
                "language": "de",
                "value": "Applikator"
              },
              {
                "language": "el",
                "value": "Εξάρτημα χορήγησης"
              },
              {
                "language": "es",
                "value": "Aplicador"
              },
              {
                "language": "fr",
                "value": "Applicateur"
              },
              {
                "language": "it",
                "value": "Applicatore"
              },
              {
                "language": "pt",
                "value": "Aplicador"
              }
            ]
          },
          {
            "code": "15005000",
            "display": "Bag",
            "designation": [
              {
                "language": "de",
                "value": "Beutel"
              },
              {
                "language": "el",
                "value": "Σάκκος"
              },
              {
                "language": "es",
                "value": "Bolsa"
              },
              {
                "language": "fr",
                "value": "Poche"
              },
              {
                "language": "it",
                "value": "Sacca"
              },
              {
                "language": "pt",
                "value": "Saco"
              }
            ]
          },
          {
            "code": "15006000",
            "display": "Barrel",
            "designation": [
              {
                "language": "de",
                "value": "Kanister"
              },
              {
                "language": "el",
                "value": "Βαρέλι"
              },
              {
                "language": "es",
                "value": "Barril"
              },
              {
                "language": "fr",
                "value": "Fût"
              },
              {
                "language": "it",
                "value": "Fusto"
              },
              {
                "language": "pt",
                "value": "Barrica"
              }
            ]
          },
          {
            "code": "15007000",
            "display": "Blister",
            "designation": [
              {
                "language": "de",
                "value": "Blisterpackung"
              },
              {
                "language": "el",
                "value": "Κυψέλη"
              },
              {
                "language": "es",
                "value": "Blíster"
              },
              {
                "language": "fr",
                "value": "Plaquette"
              },
              {
                "language": "it",
                "value": "Blister"
              },
              {
                "language": "pt",
                "value": "Blister"
              }
            ]
          },
          {
            "code": "15008000",
            "display": "Block",
            "designation": [
              {
                "language": "de",
                "value": "Stein"
              },
              {
                "language": "el",
                "value": "Πλάκα"
              },
              {
                "language": "es",
                "value": "Bloque"
              },
              {
                "language": "fr",
                "value": "Bloc"
              },
              {
                "language": "it",
                "value": "Blocco"
              },
              {
                "language": "pt",
                "value": "Bloco"
              }
            ]
          },
          {
            "code": "15009000",
            "display": "Bottle",
            "designation": [
              {
                "language": "de",
                "value": "Flasche"
              },
              {
                "language": "el",
                "value": "Φιάλη"
              },
              {
                "language": "es",
                "value": "Frasco"
              },
              {
                "language": "fr",
                "value": "Flacon"
              },
              {
                "language": "it",
                "value": "Flacone"
              },
              {
                "language": "pt",
                "value": "Frasco"
              }
            ]
          },
          {
            "code": "15011000",
            "display": "Cachet",
            "designation": [
              {
                "language": "de",
                "value": "Oblatenkapsel"
              },
              {
                "language": "el",
                "value": "Αμυλοκαψάκιο"
              },
              {
                "language": "es",
                "value": "Sello"
              },
              {
                "language": "fr",
                "value": "Cachet"
              },
              {
                "language": "it",
                "value": "Cachet"
              },
              {
                "language": "pt",
                "value": "Hóstia"
              }
            ]
          },
          {
            "code": "15012000",
            "display": "Capsule",
            "designation": [
              {
                "language": "de",
                "value": "Kapsel"
              },
              {
                "language": "el",
                "value": "Καψάκιο"
              },
              {
                "language": "es",
                "value": "Cápsula"
              },
              {
                "language": "fr",
                "value": "Gélule ou capsule molle selon la forme pharmaceutique complète"
              },
              {
                "language": "it",
                "value": "Capsula"
              },
              {
                "language": "pt",
                "value": "Cápsula"
              }
            ]
          },
          {
            "code": "15013000",
            "display": "Cartridge",
            "designation": [
              {
                "language": "de",
                "value": "Patrone"
              },
              {
                "language": "el",
                "value": "Φυσίγγιο"
              },
              {
                "language": "es",
                "value": "Cartucho"
              },
              {
                "language": "fr",
                "value": "Cartouche"
              },
              {
                "language": "it",
                "value": "Cartuccia"
              },
              {
                "language": "pt",
                "value": "Cartucho"
              }
            ]
          },
          {
            "code": "15015000",
            "display": "Collar",
            "designation": [
              {
                "language": "de",
                "value": "Halsband"
              },
              {
                "language": "el",
                "value": "Περιλαίμιο"
              },
              {
                "language": "es",
                "value": "Collar"
              },
              {
                "language": "fr",
                "value": "Collier"
              },
              {
                "language": "it",
                "value": "Collare"
              },
              {
                "language": "pt",
                "value": "Coleira"
              }
            ]
          },
          {
            "code": "15016000",
            "display": "Container",
            "designation": [
              {
                "language": "de",
                "value": "Behältnis"
              },
              {
                "language": "el",
                "value": "Περιέκτης"
              },
              {
                "language": "es",
                "value": "Envase"
              },
              {
                "language": "fr",
                "value": "Récipient"
              },
              {
                "language": "it",
                "value": "Contenitore"
              },
              {
                "language": "pt",
                "value": "Recipiente"
              }
            ]
          },
          {
            "code": "15017000",
            "display": "Cup",
            "designation": [
              {
                "language": "de",
                "value": "Messbecher"
              },
              {
                "language": "el",
                "value": "Κύπελλο"
              },
              {
                "language": "es",
                "value": "Vaso dosificador"
              },
              {
                "language": "fr",
                "value": "Godet"
              },
              {
                "language": "it",
                "value": "Bicchiere dosatore"
              },
              {
                "language": "pt",
                "value": "Copo-medida"
              }
            ]
          },
          {
            "code": "15018000",
            "display": "Cylinder",
            "designation": [
              {
                "language": "de",
                "value": "Behältnis"
              },
              {
                "language": "el",
                "value": "Κύλινδρος"
              },
              {
                "language": "es",
                "value": "Bala"
              },
              {
                "language": "it",
                "value": "Cilindro"
              },
              {
                "language": "pt",
                "value": "Cilindro"
              }
            ]
          },
          {
            "code": "15019000",
            "display": "Dart",
            "designation": [
              {
                "language": "de",
                "value": "Pfeil"
              },
              {
                "language": "el",
                "value": "Εκτοξευόμενη σύριγγα"
              },
              {
                "language": "es",
                "value": "Dardo"
              },
              {
                "language": "fr",
                "value": "Fléchette"
              },
              {
                "language": "it",
                "value": "Dardo"
              },
              {
                "language": "pt",
                "value": "Dardo"
              }
            ]
          },
          {
            "code": "15021000",
            "display": "Dressing",
            "designation": [
              {
                "language": "de",
                "value": "Verband"
              },
              {
                "language": "el",
                "value": "Επίδεσμος"
              },
              {
                "language": "es",
                "value": "Apósito"
              },
              {
                "language": "fr",
                "value": "Compresse"
              },
              {
                "language": "it",
                "value": "Garza"
              },
              {
                "language": "pt",
                "value": "Penso"
              }
            ]
          },
          {
            "code": "15022000",
            "display": "Drop",
            "designation": [
              {
                "language": "de",
                "value": "Tropfen"
              },
              {
                "language": "el",
                "value": "Σταγόνα"
              },
              {
                "language": "es",
                "value": "Gota"
              },
              {
                "language": "fr",
                "value": "Goutte"
              },
              {
                "language": "it",
                "value": "Goccia"
              },
              {
                "language": "pt",
                "value": "Gota"
              }
            ]
          },
          {
            "code": "15023000",
            "display": "Film",
            "designation": [
              {
                "language": "de",
                "value": "Film"
              },
              {
                "language": "el",
                "value": "Υμένιο"
              },
              {
                "language": "es",
                "value": "Película"
              },
              {
                "language": "fr",
                "value": "Film"
              },
              {
                "language": "it",
                "value": "Film"
              },
              {
                "language": "pt",
                "value": "Película"
              }
            ]
          },
          {
            "code": "15024000",
            "display": "Chewing gum",
            "designation": [
              {
                "language": "de",
                "value": "Kaugummi"
              },
              {
                "language": "el",
                "value": "Μασώμενο κόμμι"
              },
              {
                "language": "es",
                "value": "Chicle"
              },
              {
                "language": "fr",
                "value": "Gomme à mâcher"
              },
              {
                "language": "it",
                "value": "Gomma da masticare"
              },
              {
                "language": "pt",
                "value": "Goma para mascar"
              }
            ]
          },
          {
            "code": "15025000",
            "display": "Implant",
            "designation": [
              {
                "language": "de",
                "value": "Implantat"
              },
              {
                "language": "el",
                "value": "Εμφύτευμα"
              },
              {
                "language": "es",
                "value": "Implante"
              },
              {
                "language": "fr",
                "value": "Implant"
              },
              {
                "language": "it",
                "value": "Impianto"
              },
              {
                "language": "pt",
                "value": "Implante"
              }
            ]
          },
          {
            "code": "15026000",
            "display": "Inhaler",
            "designation": [
              {
                "language": "de",
                "value": "Inhalator"
              },
              {
                "language": "el",
                "value": "Συσκευή εισπνοής"
              },
              {
                "language": "es",
                "value": "Inhalador"
              },
              {
                "language": "fr",
                "value": "Inhalateur"
              },
              {
                "language": "it",
                "value": "Inalatore"
              },
              {
                "language": "pt",
                "value": "Inalador"
              }
            ]
          },
          {
            "code": "15027000",
            "display": "Insert",
            "designation": [
              {
                "language": "de",
                "value": "Insert"
              },
              {
                "language": "el",
                "value": "Ένθεμα"
              },
              {
                "language": "es",
                "value": "Inserto"
              },
              {
                "language": "fr",
                "value": "Insert"
              },
              {
                "language": "it",
                "value": "Inserto"
              },
              {
                "language": "pt",
                "value": "Inserto"
              }
            ]
          },
          {
            "code": "15028000",
            "display": "Jar",
            "designation": [
              {
                "language": "de",
                "value": "Weithalsgefäß"
              },
              {
                "language": "el",
                "value": "Βάζο"
              },
              {
                "language": "es",
                "value": "Tarro"
              },
              {
                "language": "fr",
                "value": "Pot"
              },
              {
                "language": "it",
                "value": "Vasetto"
              },
              {
                "language": "pt",
                "value": "Boião"
              }
            ]
          },
          {
            "code": "15029000",
            "display": "Lozenge",
            "designation": [
              {
                "language": "de",
                "value": "Lutschtablette"
              },
              {
                "language": "el",
                "value": "Τροχίσκος"
              },
              {
                "language": "es",
                "value": "Pastilla para chupar"
              },
              {
                "language": "fr",
                "value": "Pastille"
              },
              {
                "language": "it",
                "value": "Pastiglia"
              },
              {
                "language": "pt",
                "value": "Pastilha"
              }
            ]
          },
          {
            "code": "15030000",
            "display": "Lyophilisate",
            "designation": [
              {
                "language": "de",
                "value": "Lyophilisat"
              },
              {
                "language": "el",
                "value": "Λυοφιλοποιημένο υλικό"
              },
              {
                "language": "es",
                "value": "Liofilizado"
              },
              {
                "language": "fr",
                "value": "Lyophilisat"
              },
              {
                "language": "it",
                "value": "Liofilizzato"
              },
              {
                "language": "pt",
                "value": "Liofilizado"
              }
            ]
          },
          {
            "code": "15031000",
            "display": "Matrix",
            "designation": [
              {
                "language": "de",
                "value": "Matrix"
              },
              {
                "language": "el",
                "value": "Υπόστρωμα"
              },
              {
                "language": "es",
                "value": "Matriz"
              },
              {
                "language": "fr",
                "value": "Matrice"
              },
              {
                "language": "it",
                "value": "Matrice"
              },
              {
                "language": "pt",
                "value": "Matriz"
              }
            ]
          },
          {
            "code": "15033000",
            "display": "Pad",
            "designation": [
              {
                "language": "de",
                "value": "Tampon"
              },
              {
                "language": "el",
                "value": "Επίθεμα"
              },
              {
                "language": "es",
                "value": "Tampón"
              },
              {
                "language": "fr",
                "value": "Tampon"
              },
              {
                "language": "it",
                "value": "Tampone"
              },
              {
                "language": "pt",
                "value": "Tampão"
              }
            ]
          },
          {
            "code": "15034000",
            "display": "Paper",
            "designation": [
              {
                "language": "de",
                "value": "Papier"
              },
              {
                "language": "el",
                "value": "Χάρτης"
              },
              {
                "language": "es",
                "value": "Papel"
              },
              {
                "language": "fr",
                "value": "Papier"
              },
              {
                "language": "it",
                "value": "Carta"
              },
              {
                "language": "pt",
                "value": "Papel"
              }
            ]
          },
          {
            "code": "15035000",
            "display": "Pastille",
            "designation": [
              {
                "language": "de",
                "value": "Pastille"
              },
              {
                "language": "el",
                "value": "Παστίλλια"
              },
              {
                "language": "es",
                "value": "Pastilla blanda"
              },
              {
                "language": "fr",
                "value": "Pastille"
              },
              {
                "language": "it",
                "value": "Pastiglia molle"
              },
              {
                "language": "pt",
                "value": "Pastilha mole"
              }
            ]
          },
          {
            "code": "15036000",
            "display": "Patch",
            "designation": [
              {
                "language": "de",
                "value": "Pflaster"
              },
              {
                "language": "el",
                "value": "Επίθεμα"
              },
              {
                "language": "es",
                "value": "Parche"
              },
              {
                "language": "fr",
                "value": "Patch"
              },
              {
                "language": "it",
                "value": "Cerotto"
              },
              {
                "language": "pt",
                "value": "Adesivo"
              }
            ]
          },
          {
            "code": "15037000",
            "display": "Pen",
            "designation": [
              {
                "language": "de",
                "value": "Pen"
              },
              {
                "language": "el",
                "value": "Συσκευή τύπου πένας"
              },
              {
                "language": "es",
                "value": "Pluma"
              },
              {
                "language": "fr",
                "value": "Stylo"
              },
              {
                "language": "it",
                "value": "Penna"
              },
              {
                "language": "pt",
                "value": "Caneta"
              }
            ]
          },
          {
            "code": "15038000",
            "display": "Pendant",
            "designation": [
              {
                "language": "de",
                "value": "Manschette"
              },
              {
                "language": "el",
                "value": "Κρεμαστό εξάρτημα"
              },
              {
                "language": "es",
                "value": "Colgante"
              },
              {
                "language": "fr",
                "value": "Manchon"
              },
              {
                "language": "it",
                "value": "Manicotto"
              },
              {
                "language": "pt",
                "value": "Berloque"
              }
            ]
          },
          {
            "code": "15039000",
            "display": "Pessary",
            "designation": [
              {
                "language": "de",
                "value": "Pessary"
              },
              {
                "language": "el",
                "value": "Κολπικό υπόθετο"
              },
              {
                "language": "es",
                "value": "Óvulo"
              },
              {
                "language": "fr",
                "value": "Ovule"
              },
              {
                "language": "it",
                "value": "Ovulo"
              },
              {
                "language": "pt",
                "value": "Óvulo"
              }
            ]
          },
          {
            "code": "15040000",
            "display": "Pillule",
            "designation": [
              {
                "language": "de",
                "value": "Streukügelchen"
              },
              {
                "language": "el",
                "value": "Καταπότιο"
              },
              {
                "language": "es",
                "value": "Glóbulo"
              },
              {
                "language": "fr",
                "value": "Granule"
              },
              {
                "language": "it",
                "value": "Granuli"
              },
              {
                "language": "pt",
                "value": "Grânulo"
              }
            ]
          },
          {
            "code": "15041000",
            "display": "Pipette",
            "designation": [
              {
                "language": "de",
                "value": "Pipette"
              },
              {
                "language": "el",
                "value": "Πιπέτα"
              },
              {
                "language": "es",
                "value": "Pipeta"
              },
              {
                "language": "fr",
                "value": "Pipette"
              },
              {
                "language": "it",
                "value": "Pipetta"
              },
              {
                "language": "pt",
                "value": "Pipeta"
              }
            ]
          },
          {
            "code": "15042000",
            "display": "Plaster",
            "designation": [
              {
                "language": "de",
                "value": "Pflaster"
              },
              {
                "language": "el",
                "value": "Έμπλαστρο"
              },
              {
                "language": "es",
                "value": "Apósito adhesivo"
              },
              {
                "language": "fr",
                "value": "Emplâtre"
              },
              {
                "language": "it",
                "value": "Cerotto"
              },
              {
                "language": "pt",
                "value": "Emplastro"
              }
            ]
          },
          {
            "code": "15043000",
            "display": "Plug",
            "designation": [
              {
                "language": "de",
                "value": "Einsatz"
              },
              {
                "language": "el",
                "value": "Βύσμα"
              },
              {
                "language": "es",
                "value": "Soporte"
              },
              {
                "language": "fr",
                "value": "Support poreux"
              },
              {
                "language": "it",
                "value": "Supporto"
              },
              {
                "language": "pt",
                "value": "Suporte"
              }
            ]
          },
          {
            "code": "15044000",
            "display": "Pouch",
            "designation": [
              {
                "language": "de",
                "value": "Beutelchen"
              },
              {
                "language": "el",
                "value": "Θύλακας"
              },
              {
                "language": "es",
                "value": "Bolsita"
              },
              {
                "language": "fr",
                "value": "-"
              },
              {
                "language": "it",
                "value": "Sacchetto"
              },
              {
                "language": "pt",
                "value": "Bolsa"
              }
            ]
          },
          {
            "code": "15045000",
            "display": "Sachet",
            "designation": [
              {
                "language": "de",
                "value": "Beutel"
              },
              {
                "language": "el",
                "value": "Φακελίσκος"
              },
              {
                "language": "es",
                "value": "Sobre"
              },
              {
                "language": "fr",
                "value": "Sachet"
              },
              {
                "language": "it",
                "value": "Bustina"
              },
              {
                "language": "pt",
                "value": "Saqueta"
              }
            ]
          },
          {
            "code": "15046000",
            "display": "Sponge",
            "designation": [
              {
                "language": "de",
                "value": "Schwämmchen"
              },
              {
                "language": "el",
                "value": "Σπόγγος"
              },
              {
                "language": "es",
                "value": "Esponja"
              },
              {
                "language": "fr",
                "value": "Eponge"
              },
              {
                "language": "it",
                "value": "Spugna"
              },
              {
                "language": "pt",
                "value": "Esponja"
              }
            ]
          },
          {
            "code": "15047000",
            "display": "Spoonful",
            "designation": [
              {
                "language": "de",
                "value": "ein Löffel voll"
              },
              {
                "language": "el",
                "value": "Κουταλιά"
              },
              {
                "language": "es",
                "value": "Cucharada"
              },
              {
                "language": "fr",
                "value": "Cuillère-mesure"
              },
              {
                "language": "it",
                "value": "Cucchiaio"
              },
              {
                "language": "pt",
                "value": "Colher-medida"
              }
            ]
          },
          {
            "code": "15048000",
            "display": "Stick",
            "designation": [
              {
                "language": "de",
                "value": "Stäbchen"
              },
              {
                "language": "el",
                "value": "Ραβδίο"
              },
              {
                "language": "es",
                "value": "Barra (para intramamario, Candelilla)"
              },
              {
                "language": "fr",
                "value": "Bâton"
              },
              {
                "language": "it",
                "value": "Stick"
              },
              {
                "language": "pt",
                "value": "Lápis"
              }
            ]
          },
          {
            "code": "15049000",
            "display": "Straw",
            "designation": [
              {
                "language": "de",
                "value": "Trinkhalm"
              },
              {
                "language": "el",
                "value": "Καλαμίσκος"
              },
              {
                "language": "es",
                "value": "Pajita"
              },
              {
                "language": "fr",
                "value": "Paille"
              },
              {
                "language": "it",
                "value": "Cannuccia"
              },
              {
                "language": "pt",
                "value": "Palhinha"
              }
            ]
          },
          {
            "code": "15050000",
            "display": "Strip",
            "designation": [
              {
                "language": "de",
                "value": "Streifen"
              },
              {
                "language": "el",
                "value": "Ταινία"
              },
              {
                "language": "es",
                "value": "Tira"
              },
              {
                "language": "fr",
                "value": "A voir en fonction du libellé de la composition"
              },
              {
                "language": "it",
                "value": "Strip"
              },
              {
                "language": "pt",
                "value": "Fita"
              }
            ]
          },
          {
            "code": "15051000",
            "display": "Suppository",
            "designation": [
              {
                "language": "de",
                "value": "Zäpfchen"
              },
              {
                "language": "el",
                "value": "Υπόθετο"
              },
              {
                "language": "es",
                "value": "Supositorio"
              },
              {
                "language": "fr",
                "value": "Suppositoire"
              },
              {
                "language": "it",
                "value": "Supposta"
              },
              {
                "language": "pt",
                "value": "Supositório"
              }
            ]
          },
          {
            "code": "15052000",
            "display": "Syringe",
            "designation": [
              {
                "language": "de",
                "value": "Spritze"
              },
              {
                "language": "el",
                "value": "Σύριγγα"
              },
              {
                "language": "es",
                "value": "Jeringa"
              },
              {
                "language": "fr",
                "value": "Seringue"
              },
              {
                "language": "it",
                "value": "Siringa"
              },
              {
                "language": "pt",
                "value": "Seringa"
              }
            ]
          },
          {
            "code": "15053000",
            "display": "System",
            "designation": [
              {
                "language": "de",
                "value": "System"
              },
              {
                "language": "el",
                "value": "Σύστημα (χορήγησης)"
              },
              {
                "language": "es",
                "value": "Sistema"
              },
              {
                "language": "fr",
                "value": "Système"
              },
              {
                "language": "it",
                "value": "Sistema"
              },
              {
                "language": "pt",
                "value": "Sistema"
              }
            ]
          },
          {
            "code": "15054000",
            "display": "Tablet",
            "designation": [
              {
                "language": "de",
                "value": "Tablette"
              },
              {
                "language": "el",
                "value": "Δισκίο"
              },
              {
                "language": "es",
                "value": "Comprimido"
              },
              {
                "language": "fr",
                "value": "Comprimé"
              },
              {
                "language": "it",
                "value": "Compressa"
              },
              {
                "language": "pt",
                "value": "Comprimido"
              }
            ]
          },
          {
            "code": "15055000",
            "display": "Tag",
            "designation": [
              {
                "language": "de",
                "value": "Marke"
              },
              {
                "language": "el",
                "value": "Βύσμα"
              },
              {
                "language": "es",
                "value": "Crotal"
              },
              {
                "language": "fr",
                "value": "Plaquette"
              },
              {
                "language": "it",
                "value": "Placchetta"
              },
              {
                "language": "pt",
                "value": "Brinco"
              }
            ]
          },
          {
            "code": "15056000",
            "display": "Tampon",
            "designation": [
              {
                "language": "de",
                "value": "Tampon"
              },
              {
                "language": "el",
                "value": "Βύσμα"
              },
              {
                "language": "es",
                "value": "Tampón"
              },
              {
                "language": "fr",
                "value": "Tampon"
              },
              {
                "language": "it",
                "value": "Tampone"
              },
              {
                "language": "pt",
                "value": "Tampão"
              }
            ]
          },
          {
            "code": "15057000",
            "display": "Thread",
            "designation": [
              {
                "language": "de",
                "value": "Faden"
              },
              {
                "language": "el",
                "value": "Νήμα"
              },
              {
                "language": "es",
                "value": "Hilo"
              },
              {
                "language": "fr",
                "value": "Fil"
              },
              {
                "language": "it",
                "value": "Filo"
              },
              {
                "language": "pt",
                "value": "Fio"
              }
            ]
          },
          {
            "code": "15058000",
            "display": "Tube",
            "designation": [
              {
                "language": "de",
                "value": "Tube"
              },
              {
                "language": "el",
                "value": "Σωληνάριο"
              },
              {
                "language": "es",
                "value": "Tubo"
              },
              {
                "language": "fr",
                "value": "Tube"
              },
              {
                "language": "it",
                "value": "Tubo"
              },
              {
                "language": "pt",
                "value": "Bisnaga"
              }
            ]
          },
          {
            "code": "15059000",
            "display": "Vessel",
            "designation": [
              {
                "language": "de",
                "value": "Behältnis"
              },
              {
                "language": "el",
                "value": "Δοχείο"
              },
              {
                "language": "es",
                "value": "Recipiente"
              },
              {
                "language": "fr",
                "value": "Récipient"
              },
              {
                "language": "it",
                "value": "Recipiente a tenuta"
              },
              {
                "language": "pt",
                "value": "Recipiente"
              }
            ]
          },
          {
            "code": "15060000",
            "display": "Vial",
            "designation": [
              {
                "language": "de",
                "value": "Durchstechflasche"
              },
              {
                "language": "el",
                "value": "Φιαλίδιο"
              },
              {
                "language": "es",
                "value": "Vial"
              },
              {
                "language": "fr",
                "value": "Flacon"
              },
              {
                "language": "it",
                "value": "Flaconcino"
              },
              {
                "language": "pt",
                "value": "Frasco para injetáveis"
              }
            ]
          },
          {
            "code": "15061000",
            "display": "Puff"
          },
          {
            "code": "15062000",
            "display": "Swab",
            "designation": [
              {
                "language": "de",
                "value": "Tupfer"
              },
              {
                "language": "es",
                "value": "Bastoncillo"
              },
              {
                "language": "fr",
                "value": "Tampon en applicateur"
              },
              {
                "language": "it",
                "value": "Tampone"
              },
              {
                "language": "pt",
                "value": "Zaragatoa"
              }
            ]
          }
        ]
      }
    ]
  }
}
