{
  "resourceType": "ValueSet",
  "status": "active",
  "name": "RoutesAndMethodsOfAdministration",
  "id": "routes-and-methods-of-administration-vs",
  "title": "EMA SPOR Routes and Methods of Administration",
  "description": "Routes and methods of medication administration. EMA SPOR RMS list, based on EDQM.",
  "version": "0.1.0",
  "url": "http://unicom-project.eu/fhir/ValueSet/routes-and-methods-of-administration-vs",
  "experimental": false,
  "compose": {
    "include": [
      {
        "system": "https://spor.ema.europa.eu/v1/lists/100000073345"
      }
    ]
  }
}
