{
  "resourceType": "ValueSet",
  "status": "active",
  "name": "SporAtc",
  "id": "atc-spor-vs",
  "title": "EMA SPOR ATC",
  "description": "Value set for Anatomical Therapeutic Chemical classification system Human and Veterinary. It combines 2 SPOR/WHO lists",
  "version": "0.1.0",
  "url": "http://unicom-project.eu/fhir/ValueSet/atc-spor-vs",
  "experimental": false,
  "compose": {
    "include": [
      {
        "system": "https://spor.ema.europa.eu/v1/lists/100000093533"
      }
    ]
  }
}
