{
  "resourceType": "ValueSet",
  "id": "combined-pharmaceutical-dose-form",
  "url": "http://unicom-project.eu/fhir/ValueSet/combined-pharmaceutical-dose-form",
  "title": "EDQM Combined Pharmaceutical Dose Form",
  "description": "ValueSet Combined pharmaceutical dose form from EDQM, CDF, see https://standardterms.edqm.eu/#",
  "name": "CombinedPharmaceuticalDoseForm",
  "status": "active",
  "experimental": false,
  "immutable": false,
  "compose": {
    "include": [
      {
        "system": "https://standardterms.edqm.eu",
        "concept": [
          {
            "code": "10114000",
            "display": "Powder and solvent for oral solution",
            "designation": [
              {
                "language": "de",
                "value": "Pulver und Lösungsmittel zur Herstellung einer Lösung zum Einnehmen"
              },
              {
                "language": "el",
                "value": "Κόνις και διαλύτης για πόσιμο διάλυμα"
              },
              {
                "language": "es",
                "value": "Polvo y disolvente para solución oral"
              },
              {
                "language": "fr",
                "value": "Poudre et solvant pour solution buvable"
              },
              {
                "language": "it",
                "value": "Polvere e solvente per soluzione orale"
              },
              {
                "language": "pt",
                "value": "Pó e solvente para solução oral"
              }
            ]
          },
          {
            "code": "10115000",
            "display": "Powder and solvent for oral suspension",
            "designation": [
              {
                "language": "de",
                "value": "Pulver und Lösungsmittel zur Herstellung einer Suspension zum Einnehmen"
              },
              {
                "language": "el",
                "value": "Κόνις και διαλύτης για πόσιμο εναιώρημα"
              },
              {
                "language": "es",
                "value": "Polvo y disolvente para suspensión oral"
              },
              {
                "language": "fr",
                "value": "Poudre et solvant pour suspension buvable"
              },
              {
                "language": "it",
                "value": "Polvere e solvente per sospensione orale"
              },
              {
                "language": "pt",
                "value": "Pó e veículo para suspensão oral"
              }
            ]
          },
          {
            "code": "10115500",
            "display": "Powder and solvent for syrup",
            "designation": [
              {
                "language": "de",
                "value": "Pulver und Lösungsmittel zur Herstellung eines Sirups"
              },
              {
                "language": "el",
                "value": "Κόνις και διαλύτης για σιρόπι"
              },
              {
                "language": "es",
                "value": "Polvo y disolvente para jarabe"
              },
              {
                "language": "fr",
                "value": "Poudre et solvant pour sirop"
              },
              {
                "language": "it",
                "value": "Polvere e solvente per sciroppo"
              },
              {
                "language": "pt",
                "value": "Pó e solvente para xarope"
              }
            ]
          },
          {
            "code": "10412000",
            "display": "Powder and solution for dental cement",
            "designation": [
              {
                "language": "de",
                "value": "Pulver und Lösung zur Herstellung eines Dentalzements"
              },
              {
                "language": "el",
                "value": "Κόνις και διάλυμα για οδοντοκονία"
              },
              {
                "language": "es",
                "value": "Polvo y solución para cemento dental"
              },
              {
                "language": "fr",
                "value": "Poudre et solution pour ciment dentaire"
              },
              {
                "language": "it",
                "value": "Polvere e soluzione per cemento dentale"
              },
              {
                "language": "pt",
                "value": "Pó e solução para cimento dental"
              }
            ]
          },
          {
            "code": "10606000",
            "display": "Eye drops, powder and solvent for solution",
            "designation": [
              {
                "language": "de",
                "value": "Pulver und Lösungsmittel zur Herstellung von Augentropfen"
              },
              {
                "language": "el",
                "value": "Οφθαλμικές σταγόνες, κόνις και διαλύτης για διάλυμα"
              },
              {
                "language": "es",
                "value": "Polvo y disolvente para colirio en solución"
              },
              {
                "language": "fr",
                "value": "Poudre et solvant pour collyre en solution"
              },
              {
                "language": "it",
                "value": "Collirio, polvere e solvente per soluzione"
              },
              {
                "language": "pt",
                "value": "Colírio, pó e solvente para solução"
              }
            ]
          },
          {
            "code": "10607000",
            "display": "Eye drops, powder and solvent for suspension",
            "designation": [
              {
                "language": "de",
                "value": "Pulver und Lösungsmittel zur Herstellung einer Augentropfensuspension"
              },
              {
                "language": "el",
                "value": "Οφθαλμικές σταγόνες, κόνις και διαλύτης για εναιώρημα"
              },
              {
                "language": "es",
                "value": "Polvo y disolvente para colirio en suspensión"
              },
              {
                "language": "fr",
                "value": "Poudre et solvant pour collyre en suspension"
              },
              {
                "language": "it",
                "value": "Collirio, polvere e solvente per sospensione"
              },
              {
                "language": "pt",
                "value": "Colírio, pó e veículo para suspensão"
              }
            ]
          },
          {
            "code": "10707000",
            "display": "Ear drops, powder and solvent for suspension",
            "designation": [
              {
                "language": "de",
                "value": "Pulver und Lösungsmittel zur Herstellung einer Ohrentropfensuspension"
              },
              {
                "language": "el",
                "value": "Ωτικές σταγόνες, κόνις και διαλύτης για εναιώρημα"
              },
              {
                "language": "es",
                "value": "Polvo y disolvente para gotas óticas en suspensión"
              },
              {
                "language": "fr",
                "value": "Poudre et solvant pour suspension auriculaire en gouttes"
              },
              {
                "language": "it",
                "value": "Gocce auricolari, polvere e solvente per sospensione"
              },
              {
                "language": "pt",
                "value": "Gotas auriculares, pó e veículo para suspensão"
              }
            ]
          },
          {
            "code": "10800500",
            "display": "Nasal drops, lyophilisate and solvent for suspension",
            "designation": [
              {
                "language": "de",
                "value": "Lyophilisat und Lösungsmittel zur Herstellung von Nasentropfen, Suspension"
              },
              {
                "language": "el",
                "value": "Λυοφιλοποιημένο υλικό και διαλύτης για ρινικές σταγόνες, εναιώρημα"
              },
              {
                "language": "es",
                "value": "Liofilizado y disolvente para gotas nasales en suspensión"
              },
              {
                "language": "fr",
                "value": "Lyophilisat et solvant pour suspension nasale en gouttes"
              },
              {
                "language": "it",
                "value": "Gocce nasali, liofilizzato e solvente per sospensione"
              },
              {
                "language": "pt",
                "value": "Liofilizado e veículo para gotas nasais, suspensão"
              }
            ]
          },
          {
            "code": "11207000",
            "display": "Powder and solvent for solution for injection",
            "designation": [
              {
                "language": "de",
                "value": "Pulver und Lösungsmittel zur Herstellung einer Injektionslösung"
              },
              {
                "language": "el",
                "value": "Κόνις και διαλύτης για ενέσιμο διάλυμα"
              },
              {
                "language": "es",
                "value": "Polvo y disolvente para solución inyectable"
              },
              {
                "language": "fr",
                "value": "Poudre et solvant pour solution injectable"
              },
              {
                "language": "it",
                "value": "Polvere e solvente per soluzione iniettabile"
              },
              {
                "language": "pt",
                "value": "Pó e solvente para solução injetável"
              }
            ]
          },
          {
            "code": "11208000",
            "display": "Powder and solvent for suspension for injection",
            "designation": [
              {
                "language": "de",
                "value": "Pulver und Lösungsmittel zur Herstellung einer Injektionssuspension"
              },
              {
                "language": "el",
                "value": "Κόνις και διαλύτης για ενέσιμο εναιώρημα"
              },
              {
                "language": "es",
                "value": "Polvo y disolvente para suspensión inyectable"
              },
              {
                "language": "fr",
                "value": "Poudre et solvant pour suspension injectable"
              },
              {
                "language": "it",
                "value": "Polvere e solvente per sospensione iniettabile"
              },
              {
                "language": "pt",
                "value": "Pó e veículo para suspensão injetável"
              }
            ]
          },
          {
            "code": "11214000",
            "display": "Powder and solvent for solution for infusion",
            "designation": [
              {
                "language": "de",
                "value": "Pulver und Lösungsmittel zur Herstellung einer Infusionslösung"
              },
              {
                "language": "el",
                "value": "Κόνις και διαλύτης για διάλυμα προς έγχυση"
              },
              {
                "language": "es",
                "value": "Polvo y disolvente para solución para perfusión"
              },
              {
                "language": "fr",
                "value": "Poudre et solvant pour solution pour perfusion"
              },
              {
                "language": "it",
                "value": "Polvere e solvente per soluzione per infusione"
              },
              {
                "language": "pt",
                "value": "Pó e solvente para solução para perfusão"
              }
            ]
          },
          {
            "code": "11214500",
            "display": "Lyophilisate and solvent for solution for injection",
            "designation": [
              {
                "language": "de",
                "value": "Lyophilisat und Lösungsmittel zur Herstellung einer Injektionslösung"
              },
              {
                "language": "el",
                "value": "Λυοφιλοποιημένο υλικό και διαλύτης για ενέσιμο διάλυμα"
              },
              {
                "language": "es",
                "value": "Liofilizado y disolvente para solución inyectable"
              },
              {
                "language": "fr",
                "value": "Lyophilisat et solvant pour solution injectable"
              },
              {
                "language": "pt",
                "value": "Liofilizado e solvente para solução injetável"
              }
            ]
          },
          {
            "code": "11214700",
            "display": "Lyophilisate and suspension for suspension for injection",
            "designation": [
              {
                "language": "de",
                "value": "Lyophilisat und Suspension zur Herstellung einer Injektionssuspension"
              },
              {
                "language": "el",
                "value": "Λυοφιλοποιημένο υλικό και εναιώρημα για παρασκευή  ενεσίμου εναιωρήματος"
              },
              {
                "language": "es",
                "value": "Liofilizado y suspensión para preparación de suspensión inyectable"
              },
              {
                "language": "fr",
                "value": "Lyophilisat et suspension pour suspension injectable"
              },
              {
                "language": "it",
                "value": "Liofilizzato e sospensione per sospensione iniettabile"
              },
              {
                "language": "pt",
                "value": "Liofilizado e suspensão para suspensão injetável"
              }
            ]
          },
          {
            "code": "11304000",
            "display": "Powder and solvent for implantation paste",
            "designation": [
              {
                "language": "de",
                "value": "Pulver und Dispersionsmittel zur Herstellung einer Paste für Implantate"
              },
              {
                "language": "el",
                "value": "Κόνις και διαλύτης για φύραμα εμφύτευσης"
              },
              {
                "language": "es",
                "value": "Polvo y disolvente para pasta para implantación"
              },
              {
                "language": "fr",
                "value": "Poudre et solvant pour pâte pour implantation"
              },
              {
                "language": "it",
                "value": "Polvere e solvente per pasta per impianto"
              },
              {
                "language": "pt",
                "value": "Pó e solvente para pasta para implantação"
              }
            ]
          },
          {
            "code": "11604000",
            "display": "Endotracheopulmonary instillation, powder and solvent for solution",
            "designation": [
              {
                "language": "de",
                "value": "Pulver und Lösungsmittel zur Herstellung einer Lösung zur endotracheopulmonalen Instillation"
              },
              {
                "language": "el",
                "value": "Ενδοτραχειοπνευμοική ενστάλλαξη, κόνις και διαλύτης για διάλυμα"
              },
              {
                "language": "es",
                "value": "Polvo y disolvente para solución para instilación endotraqueopulmonar"
              },
              {
                "language": "fr",
                "value": "Poudre et solvant pour solution pour instillation endotrachéobronchique"
              },
              {
                "language": "it",
                "value": "Polvere e solvente per soluzione per instillazione endotracheobronchiale"
              },
              {
                "language": "pt",
                "value": "Pó e solvente para solução para instilação endotraqueobrônquica"
              }
            ]
          },
          {
            "code": "11605000",
            "display": "Endotracheopulmonary instillation, powder and solvent for suspension",
            "designation": [
              {
                "language": "de",
                "value": "Pulver und Lösungsmittel zur Herstellung einer Suspension zur endotracheopulmonalen Instillation"
              },
              {
                "language": "el",
                "value": "Ενδοτραχειοπνευμονική ενστάλαξη, κόνις και διαλύτης για εναιώρημα"
              },
              {
                "language": "es",
                "value": "Polvo y disolvente para suspensión para instilación endotraqueopulmonar"
              },
              {
                "language": "fr",
                "value": "Poudre et solvant pour suspension pour instillation endotrachéobronchique"
              },
              {
                "language": "it",
                "value": "Polvere e solvente per sospensione per instillazione endotracheobronchiale"
              },
              {
                "language": "pt",
                "value": "Pó e veículo para suspensão para instilação endotraqueobrônquica"
              }
            ]
          },
          {
            "code": "11702000",
            "display": "Powder and solvent for endocervical gel",
            "designation": [
              {
                "language": "de",
                "value": "Pulver und Lösungsmittel zur Herstellung eines Gels zur endozervikalen Anwendung"
              },
              {
                "language": "el",
                "value": "Κόνις και διαλύτης για ενδοτραχηλική γέλη"
              },
              {
                "language": "es",
                "value": "Polvo y disolvente para gel endocervical"
              },
              {
                "language": "fr",
                "value": "Poudre et solvant pour gel endocervical"
              },
              {
                "language": "it",
                "value": "Polvere e solvente per gel endocervicale"
              },
              {
                "language": "pt",
                "value": "Pó e solvente para gel endocervical"
              }
            ]
          },
          {
            "code": "12109500",
            "display": "Fibrin sealant-powder and solvent for fibrin sealant"
          },
          {
            "code": "12116000",
            "display": "Powder and solvent for sealant",
            "designation": [
              {
                "language": "de",
                "value": "Pulver und Lösungsmittel für einen Gewebekleber"
              },
              {
                "language": "el",
                "value": "Κόνις και διαλύτης για παρασκευή συγκολλητικού ιστών"
              },
              {
                "language": "es",
                "value": "Polvo y disolvente para adhesivo tisular"
              },
              {
                "language": "fr",
                "value": "Poudre et solvant pour colle"
              },
              {
                "language": "it",
                "value": "Polvere e solvente per adesivo tissutale"
              },
              {
                "language": "pt",
                "value": "Pó e solvente para cola para tecidos"
              }
            ]
          },
          {
            "code": "13062000",
            "display": "Powder for concentrate and solution for solution for infusion",
            "designation": [
              {
                "language": "de",
                "value": "Pulver zur Herstellung eines Konzentrats und Lösung zur Herstellung einer Infusionslösung"
              },
              {
                "language": "el",
                "value": "Κόνις για πυκνό σκεύασμα και διάλυμα για παρασκευή διαλύματος προς έγχυση"
              },
              {
                "language": "es",
                "value": "Polvo para concentrado y solución para solución para perfusión"
              },
              {
                "language": "fr",
                "value": "Poudre pour solution à diluer et solution pour solution pour perfusion"
              },
              {
                "language": "it",
                "value": "Polvere per concentrato e soluzione per soluzione per infusione"
              },
              {
                "language": "pt",
                "value": "Pó para concentrado e solução para solução para perfusão"
              }
            ]
          },
          {
            "code": "13081000",
            "display": "Powder and solution for bee-hive solution",
            "designation": [
              {
                "language": "de",
                "value": "Pulver und Lösung zur Herstellung einer Lösung für den Bienenstock"
              },
              {
                "language": "el",
                "value": "Κόνις και διάλυμα για παρασκευή ενδοκυψελικού διαλύματος"
              },
              {
                "language": "es",
                "value": "Polvo y solución para solución para colmenas"
              },
              {
                "language": "fr",
                "value": "Poudre et solution pour solution pour ruche"
              },
              {
                "language": "pt",
                "value": "Pó e solução para solução para colmeias"
              }
            ]
          },
          {
            "code": "13086000",
            "display": "Concentrate and solvent for concentrate for oral spray, suspension",
            "designation": [
              {
                "language": "de",
                "value": "Konzentrat und Lösungsmittel für ein Konzentrat zur Herstellung eines Sprays zur oralen Anwendung, Suspension"
              },
              {
                "language": "el",
                "value": "Πυκνό σκεύασμα και διαλύτης για παρασκευή πυκνού διαλύματος για πόσιμο εκνέφωμα, εναιώρημα"
              },
              {
                "language": "es",
                "value": "Concentrado y disolvente para concentrado para suspensión para pulverización oral"
              },
              {
                "language": "it",
                "value": "Concentrato e solvente per spray orale, sospensione concentrata"
              },
              {
                "language": "pt",
                "value": "Concentrado e veículo para concentrado para suspensão para pulverização oral"
              }
            ]
          },
          {
            "code": "13088000",
            "display": "Lyophilisate and solvent for oculonasal suspension",
            "designation": [
              {
                "language": "de",
                "value": "Lyophilisat und Lösungsmittel zur Herstellung einer Suspension zur okulonasalen Anwendung"
              },
              {
                "language": "el",
                "value": "Λυοφιλοποιημένο υλικό και διαλύτης για οφθαλμορρινικό εναιώρημα"
              },
              {
                "language": "es",
                "value": "Liofilizado y disolvente para suspensión oculonasal"
              },
              {
                "language": "fr",
                "value": "Lyophilisat et solvant pour suspension oculonasale"
              },
              {
                "language": "it",
                "value": "Liofilizzato e solvente per sospensione oculonasale"
              },
              {
                "language": "pt",
                "value": "Liofilizado e veículo para suspensão oculonasal"
              }
            ]
          },
          {
            "code": "13092000",
            "display": "Emulsion and lyophilisate for suspension for injection",
            "designation": [
              {
                "language": "de",
                "value": "Emulsion und Lyophilisat zur Herstellung einer Injektionssuspension"
              },
              {
                "language": "el",
                "value": "Γαλάκτωμα και λυοφιλοποιημένο υλικό για ενέσιμο εναιώρημα"
              },
              {
                "language": "es",
                "value": "Emulsión y liofilizado para suspensión inyectable"
              },
              {
                "language": "fr",
                "value": "Emulsion et lyophilisat pour suspension injectable"
              },
              {
                "language": "it",
                "value": "Emulsione e liofilizzato per sospensione iniettabile"
              },
              {
                "language": "pt",
                "value": "Emulsão e liofilizado para suspensão injetável"
              }
            ]
          },
          {
            "code": "13093000",
            "display": "Lyophilisate and solvent for oral suspension",
            "designation": [
              {
                "language": "de",
                "value": "Lyophilisat und Lösungsmittel zur Herstellung einer Suspension zum Einnehmen"
              },
              {
                "language": "el",
                "value": "Λυοφιλοποιημένο υλικό και διαλύτης για πόσιμο εναιώρημα"
              },
              {
                "language": "es",
                "value": "Liofilizado y disolvente para suspensión oral"
              },
              {
                "language": "fr",
                "value": "Lyophilisat et solvant pour suspension buvable"
              },
              {
                "language": "pt",
                "value": "Liofilizado e veículo para suspensão oral"
              }
            ]
          },
          {
            "code": "13097000",
            "display": "Nasal spray, lyophilisate and solvent for suspension",
            "designation": [
              {
                "language": "de",
                "value": "Nasenspray, Lyophilisat und Lösungsmittel zur Herstellung einer Suspension"
              },
              {
                "language": "el",
                "value": "Ρινικό εκνέφωμα, λυοφιλοποιημένο υλικό και διαλύτης για εναιώρημα"
              },
              {
                "language": "es",
                "value": "Liofilizado y disolvente para suspensión para pulverización nasal"
              },
              {
                "language": "it",
                "value": "Spray nasale, liofilizzato e solvente per sospensione"
              },
              {
                "language": "pt",
                "value": "Liofilizado e veículo para suspensão para pulverização nasal"
              }
            ]
          },
          {
            "code": "13101000",
            "display": "Powder and solution for bee-hive dispersion",
            "designation": [
              {
                "language": "de",
                "value": "Pulver und Lösung zur Herstellung einer Dispersion für den Bienenstock"
              },
              {
                "language": "el",
                "value": "Κόνις και διάλυμα για παρασκευή ενδοκυψελικής διασποράς"
              },
              {
                "language": "es",
                "value": "Polvo y solución para dispersión para colmenas"
              },
              {
                "language": "fr",
                "value": "Poudre et solution pour dispersion pour ruche"
              },
              {
                "language": "it",
                "value": "Polvere e soluzione per dispersione per alveare"
              },
              {
                "language": "pt",
                "value": "Pó e veículo para dispersão para colmeias"
              }
            ]
          },
          {
            "code": "13117000",
            "display": "Lyophilisate and solvent for emulsion for injection",
            "designation": [
              {
                "language": "de",
                "value": "Lyophilisat und Lösungsmittel zur Herstellung einer Injektionsemulsion"
              },
              {
                "language": "es",
                "value": "Liofilizado y disolvente para emulsión inyectable"
              },
              {
                "language": "fr",
                "value": "Lyophilisat et solvant pour émulsion injectable"
              },
              {
                "language": "it",
                "value": "Liofilizzato e solvente per emulsione iniettabile"
              },
              {
                "language": "pt",
                "value": "Liofilizado e veículo para emulsão injetável"
              }
            ]
          },
          {
            "code": "13119000",
            "display": "Effervescent powder and powder for oral suspension",
            "designation": [
              {
                "language": "es",
                "value": "Polvo efervescente y polvo para suspensión oral"
              },
              {
                "language": "fr",
                "value": "Poudre effervescente et poudre pour suspension buvable"
              },
              {
                "language": "it",
                "value": "Polvere effervescente e polvere per sospensione orale"
              },
              {
                "language": "pt",
                "value": "Pó efervescente e pó para suspensão oral"
              }
            ]
          },
          {
            "code": "13121000",
            "display": "Powder and solution for suspension for injection",
            "designation": [
              {
                "language": "de",
                "value": "Pulver und Lösung zur Herstellung einer Injektionssuspension"
              },
              {
                "language": "es",
                "value": "Polvo y solución para suspensión inyectable"
              },
              {
                "language": "fr",
                "value": "Poudre et solution pour suspension injectable"
              },
              {
                "language": "it",
                "value": "Polvere e soluzione per sospensione iniettabile"
              },
              {
                "language": "pt",
                "value": "Pó e solução para suspensão injetável"
              }
            ]
          },
          {
            "code": "13138000",
            "display": "Gastro-resistant powder and solvent for oral suspension",
            "designation": [
              {
                "language": "es",
                "value": "Polvo gastrorresistente y disolvente para suspensión oral"
              },
              {
                "language": "it",
                "value": "Polvere gastroresistente e solvente per sospensione orale"
              },
              {
                "language": "pt",
                "value": "Pó e veículo para suspensão oral gastrorresistente"
              }
            ]
          },
          {
            "code": "13143000",
            "display": "Concentrate and solvent for dispersion for injection",
            "designation": [
              {
                "language": "de",
                "value": "Konzentrat und Lösungsmittel zur Herstellung einer Injektionsdispersion"
              },
              {
                "language": "es",
                "value": "Concentrado y disolvente para dispersión inyectable"
              },
              {
                "language": "fr",
                "value": "Dispersion à diluer et solvant pour dispersion injectable"
              },
              {
                "language": "it",
                "value": "Concentrato e solvente per dispersione iniettabile"
              },
              {
                "language": "pt",
                "value": "Concentrado e veículo para dispersão injetável"
              }
            ]
          },
          {
            "code": "13144000",
            "display": "Concentrate and solvent for intravesical solution",
            "designation": [
              {
                "language": "es",
                "value": "Concentrado y disolvente para solución intravesical"
              },
              {
                "language": "fr",
                "value": "Solution à diluer et solvant pour solution intravésicale"
              },
              {
                "language": "it",
                "value": "Concentrato e solvente per soluzione endovescicale"
              },
              {
                "language": "pt",
                "value": "Concentrado e solvente para solução intravesical"
              }
            ]
          },
          {
            "code": "13150000",
            "display": "Effervescent powder and suspension for oral suspension",
            "designation": [
              {
                "language": "es",
                "value": "Polvo efervescente y suspensión para suspensión oral"
              },
              {
                "language": "fr",
                "value": "Poudre effervescente et suspension pour suspension buvable"
              },
              {
                "language": "it",
                "value": "Polvere effervescente e sospensione per sospensione orale"
              },
              {
                "language": "pt",
                "value": "Pó efervescente e suspensão para suspensão oral"
              }
            ]
          },
          {
            "code": "13153000",
            "display": "Concentrate and solvent for emulsion for injection",
            "designation": [
              {
                "language": "fr",
                "value": "Emulsion à diluer et solvant pour émulsion injectable"
              },
              {
                "language": "pt",
                "value": "Concentrado e veículo para emulsão injetável"
              }
            ]
          },
          {
            "code": "13157000",
            "display": "Effervescent granules and suspension for oral suspension",
            "designation": [
              {
                "language": "pt",
                "value": "Granulado efervesvente e suspensão para suspensão oral"
              }
            ]
          },
          {
            "code": "13160000",
            "display": "Concentrate and solvent for oral solution",
            "designation": [
              {
                "language": "pt",
                "value": "Concentrado e solvente para solução oral"
              }
            ]
          },
          {
            "code": "50001500",
            "display": "Concentrate and diluent for solution for infusion",
            "designation": [
              {
                "language": "el",
                "value": "Πυκνό σκεύασμα και αραιωτικό μέσο για παρασκευή διαλύματος προς έγχυση"
              },
              {
                "language": "fr",
                "value": "Solution à diluer et diluant pour perfusion d'une solution"
              },
              {
                "language": "pt",
                "value": "Concentrado e solvente para solução para perfusão"
              }
            ]
          },
          {
            "code": "50002000",
            "display": "Concentrate and solvent for concentrate for solution for infusion",
            "designation": [
              {
                "language": "de",
                "value": "Konzentrat und Lösungsmittel für ein Konzentrat zur Herstellung einer Infusionslösung"
              },
              {
                "language": "el",
                "value": "Πυκνό σκεύασμα και διαλύτης για παρασκευή πυκνού διαλύματος προς έγχυση"
              },
              {
                "language": "es",
                "value": "Concentrado y disolvente para concentrado para solución para perfusión"
              },
              {
                "language": "it",
                "value": "Concentrato e solvente per concentrato per soluzione per infusione"
              },
              {
                "language": "pt",
                "value": "Concentrado e solvente para concentrado para solução para perfusão"
              }
            ]
          },
          {
            "code": "50003000",
            "display": "Concentrate and solvent for cutaneous solution",
            "designation": [
              {
                "language": "de",
                "value": "Konzentrat und Lösungsmittel zur Herstellung einer Lösung zur Anwendung auf der Haut"
              },
              {
                "language": "el",
                "value": "Πυκνό σκεύασμα και διαλύτης για παρασκευή δερματικού διαλύματος"
              },
              {
                "language": "es",
                "value": "Concentrado y disolvente para solución cutánea"
              },
              {
                "language": "fr",
                "value": "Solution à diluer et solvant pour solution cutanée"
              },
              {
                "language": "it",
                "value": "Concentrato e solvente per soluzione cutanea"
              },
              {
                "language": "pt",
                "value": "Concentrado e solvente para solução cutânea"
              }
            ]
          },
          {
            "code": "50004000",
            "display": "Concentrate and solvent for cutaneous use",
            "designation": [
              {
                "language": "el",
                "value": "Πυκνό σκεύασμα και διαλύτης για δερματική χρήση"
              },
              {
                "language": "es",
                "value": "Concentrado y disolvente para uso cutáneo"
              },
              {
                "language": "fr",
                "value": "Solution à diluer et solvant pour application cutanée"
              },
              {
                "language": "it",
                "value": "Concentrato e solvente per uso cutaneo"
              },
              {
                "language": "pt",
                "value": "Concentrado e solvente para uso cutâneo"
              }
            ]
          },
          {
            "code": "50005000",
            "display": "Concentrate and solvent for injection",
            "designation": [
              {
                "language": "el",
                "value": "Πυκνό σκεύασμα και διαλύτης για ένεση"
              },
              {
                "language": "es",
                "value": "Concentrado y disolvente para inyectable"
              },
              {
                "language": "fr",
                "value": "Solution à diluer et solvant pour injection"
              },
              {
                "language": "pt",
                "value": "Concentrado e solvente para injetável"
              }
            ]
          },
          {
            "code": "50006000",
            "display": "Concentrate and solvent for solution for infusion",
            "designation": [
              {
                "language": "de",
                "value": "Konzentrat und Lösungsmittel zur Herstellung einer Infusionslösung"
              },
              {
                "language": "el",
                "value": "Πυκνό σκεύασμα και διαλύτης για παρασκευή διαλύματος προς έγχυση"
              },
              {
                "language": "es",
                "value": "Concentrado y disolvente para solución para perfusión"
              },
              {
                "language": "fr",
                "value": "Solution à diluer et solvant pour solution pour perfusion"
              },
              {
                "language": "it",
                "value": "Concentrato e solvente per soluzione per infusione"
              },
              {
                "language": "pt",
                "value": "Concentrado e solvente para solução para perfusão"
              }
            ]
          },
          {
            "code": "50007000",
            "display": "Concentrate and solvent for solution for injection",
            "designation": [
              {
                "language": "de",
                "value": "Konzentrat und Lösungsmittel zur Herstellung einer Injektionslösung"
              },
              {
                "language": "el",
                "value": "Πυκνό σκεύασμα και διαλύτης για παρασκευή ενεσίμου διαλύματος"
              },
              {
                "language": "es",
                "value": "Concentrado y disolvente para solución inyectable"
              },
              {
                "language": "fr",
                "value": "Solution à diluer et solvant pour solution injectable"
              },
              {
                "language": "it",
                "value": "Concentrato e solvente per soluzione iniettabile"
              },
              {
                "language": "pt",
                "value": "Concentrado e solvente para solução injetável"
              }
            ]
          },
          {
            "code": "50007500",
            "display": "Concentrate and solvent for solution for injection/infusion",
            "designation": [
              {
                "language": "de",
                "value": "Konzentrat und Lösungsmittel zur Herstellung einer Injektions-/Infusionslösung"
              },
              {
                "language": "el",
                "value": "Πυκνό σκεύασμα και διαλύτης για παρασκευή ενεσίμου διαλύματος /διαλύματος προς έγχυση"
              },
              {
                "language": "es",
                "value": "Concentrado y disolvente para solución inyectable y para perfusión"
              },
              {
                "language": "fr",
                "value": "Solution à diluer et solvant pour solution injectable/pour perfusion"
              },
              {
                "language": "it",
                "value": "Concentrato e solvente per soluzione iniettabile/per infusione"
              },
              {
                "language": "pt",
                "value": "Concentrado e solvente para solução injetável ou para perfusão"
              }
            ]
          },
          {
            "code": "50008000",
            "display": "Concentrate and solvent for suspension for injection",
            "designation": [
              {
                "language": "de",
                "value": "Konzentrat und Lösungsmittel zur Herstellung einer Injektionssuspension"
              },
              {
                "language": "el",
                "value": "Πυκνό σκεύασμα και διαλύτης για παρασκευή ενεσίμου εναιωρήματος"
              },
              {
                "language": "es",
                "value": "Concentrado y disolvente para suspensión inyectable"
              },
              {
                "language": "fr",
                "value": "Suspension à diluer et solvant pour suspension injectable"
              },
              {
                "language": "it",
                "value": "Concentrato e solvente per sospensione iniettabile"
              },
              {
                "language": "pt",
                "value": "Concentrado e veículo para suspensão injetável"
              }
            ]
          },
          {
            "code": "50021500",
            "display": "Emulsion and suspension for emulsion for injection",
            "designation": [
              {
                "language": "de",
                "value": "Emulsion und Suspension zur Herstellung einer Emulsion zur Injektion"
              },
              {
                "language": "el",
                "value": "Γαλάκτωμα και εναιώρημα για ενέσιμο γαλάκτωμα"
              },
              {
                "language": "es",
                "value": "Emulsión y suspensión para preparación de emulsión inyectable"
              },
              {
                "language": "fr",
                "value": "Emulsion et suspension pour émulsion injectable"
              },
              {
                "language": "it",
                "value": "Emulsione e sospensione per emulsione iniettabile"
              },
              {
                "language": "pt",
                "value": "Emulsão e suspensão para emulsão injetável"
              }
            ]
          },
          {
            "code": "50026500",
            "display": "Granules and solvent for oral suspension",
            "designation": [
              {
                "language": "de",
                "value": "Granulat und Lösungsmittel zur Herstellung einer Suspension zum Einnehmen"
              },
              {
                "language": "el",
                "value": "Κοκκία και διαλύτης για πόσιμο εναιώρημα"
              },
              {
                "language": "es",
                "value": "Granulado y disolvente para suspensión oral"
              },
              {
                "language": "fr",
                "value": "Granulés et solvant pour suspension buvable"
              },
              {
                "language": "it",
                "value": "Granulato e solvente per sospensione orale"
              },
              {
                "language": "pt",
                "value": "Granulado e veículo para suspensão oral"
              }
            ]
          },
          {
            "code": "50027000",
            "display": "Granules and solvent for suspension for injection",
            "designation": [
              {
                "language": "de",
                "value": "Granulat und Lösungsmittel zur Herstellung einer Injektionssuspension"
              },
              {
                "language": "el",
                "value": "Κοκκία και διαλύτης για παρασκευή ενεσίμου εναιωρήματος"
              },
              {
                "language": "es",
                "value": "Granulado y disolvente para suspensión inyectable"
              },
              {
                "language": "fr",
                "value": "Granulés et solvant pour suspension injectable"
              },
              {
                "language": "it",
                "value": "Granulato e solvente per sospensione iniettabile"
              },
              {
                "language": "pt",
                "value": "Granulado e veículo para suspensão injetável"
              }
            ]
          },
          {
            "code": "50034500",
            "display": "Lyophilisate and solvent for suspension for injection",
            "designation": [
              {
                "language": "de",
                "value": "Lyophilisat und Lösungsmittel zur Herstellung einer Injektionssuspension"
              },
              {
                "language": "el",
                "value": "Λυοφιλοποιημένο υλικό και διαλύτης για ενέσιμο εναιώρημα"
              },
              {
                "language": "es",
                "value": "Liofilizado y disolvente para suspensión inyectable"
              },
              {
                "language": "fr",
                "value": "Lyophilisat et solvant pour suspension injectable"
              },
              {
                "language": "pt",
                "value": "Liofilizado e veículo para suspensão injetável"
              }
            ]
          },
          {
            "code": "50041200",
            "display": "Powder and gel for gel",
            "designation": [
              {
                "language": "de",
                "value": "Pulver und Gel zur Herstellung eines Gels"
              },
              {
                "language": "el",
                "value": "Κόνις και γέλη για παρασκευή γέλης"
              },
              {
                "language": "es",
                "value": "Polvo y gel para gel"
              },
              {
                "language": "fr",
                "value": "Poudre et gel pour gel"
              },
              {
                "language": "it",
                "value": "Polvere e gel per gel"
              },
              {
                "language": "pt",
                "value": "Pó e gel para gel"
              }
            ]
          },
          {
            "code": "50041500",
            "display": "Powder and solution for solution for injection",
            "designation": [
              {
                "language": "de",
                "value": "Pulver und Lösung zur Herstellung einer Injektionslösung"
              },
              {
                "language": "el",
                "value": "Κόνις και διάλυμα για παρασκευή ενεσίμου διαλύματος"
              },
              {
                "language": "es",
                "value": "Polvo y solución para solución inyectable"
              },
              {
                "language": "fr",
                "value": "Poudre et solution pour solution injectable"
              },
              {
                "language": "it",
                "value": "Polvere e soluzione per soluzione iniettabile"
              },
              {
                "language": "pt",
                "value": "Pó e solução para solução injetável"
              }
            ]
          },
          {
            "code": "50042000",
            "display": "Powder and solvent for concentrate for solution for infusion",
            "designation": [
              {
                "language": "de",
                "value": "Pulver und Lösungsmittel für ein Konzentrat zur Herstellung einer Infusionslösung"
              },
              {
                "language": "el",
                "value": "Κόνις και διαλύτης για πυκνό σκεύασμα για παρασκευή διαλύματος προς έγχυση"
              },
              {
                "language": "es",
                "value": "Polvo y disolvente para concentrado para solución para perfusión"
              },
              {
                "language": "fr",
                "value": "Poudre et solvant pour solution à diluer pour perfusion"
              },
              {
                "language": "it",
                "value": "Polvere e solvente per concentrato per soluzione per infusione"
              },
              {
                "language": "pt",
                "value": "Pó e solvente para concentrado para solução para perfusão"
              }
            ]
          },
          {
            "code": "50044000",
            "display": "Powder and solvent for cutaneous solution",
            "designation": [
              {
                "language": "de",
                "value": "Pulver und Lösungsmittel zur Herstellung einer Lösung zur Anwendung auf der Haut"
              },
              {
                "language": "el",
                "value": "Κόνις και διαλύτης για δερματικό διάλυμα"
              },
              {
                "language": "es",
                "value": "Polvo y disolvente para solución cutánea"
              },
              {
                "language": "fr",
                "value": "Poudre et solvant pour solution cutanée"
              },
              {
                "language": "it",
                "value": "Polvere e solvente per soluzione cutanea"
              },
              {
                "language": "pt",
                "value": "Pó e solvente para solução cutânea"
              }
            ]
          },
          {
            "code": "50044500",
            "display": "Powder and solvent for dispersion for injection",
            "designation": [
              {
                "language": "de",
                "value": "Pulver und Lösungsmittel zur Herstellung einer Injektionsdispersion"
              },
              {
                "language": "el",
                "value": "Κόνις και διαλύτης για παρασκευή ενέσιμης διασποράς"
              },
              {
                "language": "es",
                "value": "Polvo y disolvente para dispersión inyectable"
              },
              {
                "language": "fr",
                "value": "Poudre et solvant pour dispersion injectable"
              },
              {
                "language": "it",
                "value": "Polvere e solvente per dispersione iniettabile"
              },
              {
                "language": "pt",
                "value": "Pó e veículo para dispersão injetável"
              }
            ]
          },
          {
            "code": "50044700",
            "display": "Powder and solvent for emulsion for injection",
            "designation": [
              {
                "language": "de",
                "value": "Pulver und Lösungsmittel zur Herstellung einer Injektionsemulsion"
              },
              {
                "language": "el",
                "value": "Κόνις και διαλύτης για ενέσιμο γαλάκτωμα"
              },
              {
                "language": "es",
                "value": "Polvo y disolvente para emulsión inyectable"
              },
              {
                "language": "fr",
                "value": "Poudre et solvant pour émulsion injectable"
              },
              {
                "language": "it",
                "value": "Polvere e solvente per emulsione iniettabile"
              },
              {
                "language": "pt",
                "value": "Pó e veículo para emulsão injetável"
              }
            ]
          },
          {
            "code": "50045000",
            "display": "Powder and solvent for endosinusial solution",
            "designation": [
              {
                "language": "de",
                "value": "Pulver und Lösungsmittel zur Herstellung einer Lösung zur Anwendung in den Nebenhöhlen"
              },
              {
                "language": "el",
                "value": "Κόνις και διαλύτης για ενδορρινοκολπικό διάλυμα"
              },
              {
                "language": "es",
                "value": "Polvo y disolvente para solución endosinusal"
              },
              {
                "language": "fr",
                "value": "Poudre et solvant pour solution endosinusale"
              },
              {
                "language": "it",
                "value": "Polvere e solvente per soluzione endosinusale"
              },
              {
                "language": "pt",
                "value": "Pó e solvente para solução endossinusal"
              }
            ]
          },
          {
            "code": "50045500",
            "display": "Powder and solvent for epilesional solution",
            "designation": [
              {
                "language": "de",
                "value": "Pulver und Lösungsmittel zur Herstellung einer Lösung zum Auftragen auf die Wunde"
              },
              {
                "language": "el",
                "value": "Κόνις και διαλύτης για διάλυμα εφαρμογής επί προσβεβλημένης περιοχής"
              },
              {
                "language": "es",
                "value": "Polvo y disolvente para solución epilesional"
              },
              {
                "language": "fr",
                "value": "Poudre et solvant pour solution épilésionnelle"
              },
              {
                "language": "it",
                "value": "Polvere e solvente per soluzione epilesionale"
              },
              {
                "language": "pt",
                "value": "Pó e solvente para solução epilesional"
              }
            ]
          },
          {
            "code": "50046000",
            "display": "Powder and solvent for gingival gel",
            "designation": [
              {
                "language": "de",
                "value": "Pulver und Lösungsmittel zur Herstellung eines Gels zur Anwendung am Zahnfleisch"
              },
              {
                "language": "el",
                "value": "Κόνις και διαλύτης για παρασκευή γέλης για ούλα"
              },
              {
                "language": "es",
                "value": "Polvo y disolvente para gel gingival"
              },
              {
                "language": "fr",
                "value": "Poudre et solvant pour gel gingival"
              },
              {
                "language": "it",
                "value": "Polvere e solvente per gel gengivale"
              },
              {
                "language": "pt",
                "value": "Pó e solvente para gel gengival"
              }
            ]
          },
          {
            "code": "50047000",
            "display": "Powder and solvent for intraocular instillation solution",
            "designation": [
              {
                "language": "de",
                "value": "Pulver und Lösungsmittel zur Herstellung einer Lösung zur intraokularen Instillation"
              },
              {
                "language": "el",
                "value": "Κόνις και διαλύτης για παρασκευή διαλύματος ενδοφθαλμικής ενστάλαξης"
              },
              {
                "language": "es",
                "value": "Polvo y disolvente para solución para instilación por vía intraocular"
              },
              {
                "language": "fr",
                "value": "Poudre et solvant pour solution pour instillation  intraoculaire"
              },
              {
                "language": "it",
                "value": "Polvere e solvente per soluzione per instillazione intraoculare"
              },
              {
                "language": "pt",
                "value": "Pó e solvente para solução para instilação intraocular"
              }
            ]
          },
          {
            "code": "50047500",
            "display": "Powder and solvent for intravesical solution",
            "designation": [
              {
                "language": "de",
                "value": "Pulver und Lösungsmittel zur Herstellung einer Lösung zur intravesikalen Anwendung"
              },
              {
                "language": "el",
                "value": "Κόνις και διαλύτης για παρασκευή ενδοκυστικού διαλύματος"
              },
              {
                "language": "es",
                "value": "Polvo y disolvente para solución intravesical"
              },
              {
                "language": "fr",
                "value": "Poudre et solvant pour solution intravésicale"
              },
              {
                "language": "it",
                "value": "Polvere e solvente per soluzione endovescicale"
              },
              {
                "language": "pt",
                "value": "Pó e solvente para solução intravesical"
              }
            ]
          },
          {
            "code": "50047600",
            "display": "Powder and solvent for intravesical suspension",
            "designation": [
              {
                "language": "de",
                "value": "Pulver und Lösungsmittel zur Herstellung einer Suspension zur intravesikalen Anwendung"
              },
              {
                "language": "el",
                "value": "Κόνις και διαλύτης για ενδοκυστικό εναιώρημα"
              },
              {
                "language": "es",
                "value": "Polvo y disolvente para suspensión intravesical"
              },
              {
                "language": "fr",
                "value": "Poudre et solvant pour suspension intravésicale"
              },
              {
                "language": "it",
                "value": "Polvere e solvente per sospensione endovescicale"
              },
              {
                "language": "pt",
                "value": "Pó e veículo para suspensão intravesical"
              }
            ]
          },
          {
            "code": "50047650",
            "display": "Nasal drops, powder and solvent for solution",
            "designation": [
              {
                "language": "de",
                "value": "Pulver und Lösungsmittel zur Herstellung von Nasentropfen, Lösung"
              },
              {
                "language": "el",
                "value": "Κόνις και διαλύτης για ρινικές σταγόνες, διάλυμα"
              },
              {
                "language": "es",
                "value": "Polvo y disolvente para gotas nasales en solución"
              },
              {
                "language": "fr",
                "value": "Poudre et solvant pour solution nasale en gouttes"
              },
              {
                "language": "it",
                "value": "Gocce nasali, polvere e solvente per soluzione"
              },
              {
                "language": "pt",
                "value": "Pó e solvente para gotas nasais, solução"
              }
            ]
          },
          {
            "code": "50047700",
            "display": "Powder and solvent for nebuliser solution",
            "designation": [
              {
                "language": "de",
                "value": "Pulver und Lösungsmittel zur Herstellung einer Lösung für einen Vernebler"
              },
              {
                "language": "el",
                "value": "Κόνις και διαλύτης για διάλυμα εισπνοής με εκνεφωτή"
              },
              {
                "language": "es",
                "value": "Polvo y disolvente para solución para inhalación por nebulizador"
              },
              {
                "language": "fr",
                "value": "Poudre et solvant pour solution pour inhalation par nébuliseur"
              },
              {
                "language": "it",
                "value": "Polvere e solvente per soluzione per nebulizzatore"
              },
              {
                "language": "pt",
                "value": "Pó e solvente para solução para inalação por nebulização"
              }
            ]
          },
          {
            "code": "50048000",
            "display": "Powder and solvent for prolonged-release suspension for injection",
            "designation": [
              {
                "language": "de",
                "value": "Pulver und Lösungsmittel zur Herstellung einer Depot-Injektionssuspension"
              },
              {
                "language": "el",
                "value": "Κόνις και διαλύτης για παρασκευή ενεσίμου εναιωρήματος παρατεταμένης αποδέσμευσης"
              },
              {
                "language": "es",
                "value": "Polvo y disolvente para suspensión inyectable de liberación prolongada"
              },
              {
                "language": "fr",
                "value": "Poudre et solvant pour suspension injectable à libération prolongée"
              },
              {
                "language": "it",
                "value": "Polvere e solvente per sospensione iniettabile a rilascio prolungato"
              },
              {
                "language": "pt",
                "value": "Pó e veículo para suspensão injetável de libertação prolongada"
              }
            ]
          },
          {
            "code": "50048270",
            "display": "Powder and solvent for solution for injection/skin-prick test",
            "designation": [
              {
                "language": "de",
                "value": "Pulver und Lösungsmittel zur Herstellung einer Injektionslösung bzw. einer Pricktestlösung"
              },
              {
                "language": "el",
                "value": "Κόνις και διαλύτης για παρασκευή διαλύματος για ένεση/έλεγχο με νύξη του δέρματος"
              },
              {
                "language": "es",
                "value": "Polvo y disolvente para solución inyectable y para prueba con alergenos por punción"
              },
              {
                "language": "fr",
                "value": "Poudre et solvant pour solution injectable/pour prick-test"
              },
              {
                "language": "it",
                "value": "Polvere e solvente per soluzione iniettabile/per skin prick test"
              },
              {
                "language": "pt",
                "value": "Pó e solvente para solução injetável ou para teste cutâneo por picada"
              }
            ]
          },
          {
            "code": "50048500",
            "display": "Powder and suspension for suspension for injection",
            "designation": [
              {
                "language": "de",
                "value": "Pulver und Suspension zur Herstellung einer Injektionssuspension"
              },
              {
                "language": "el",
                "value": "Κόνις και εναιώρημα για παρασκευή ενεσίμου εναιωρήματος"
              },
              {
                "language": "es",
                "value": "Polvo y suspensión para suspensión inyectable"
              },
              {
                "language": "fr",
                "value": "Poudre et suspension pour suspension injectable"
              },
              {
                "language": "it",
                "value": "Polvere e sospensione per sospensione iniettabile"
              },
              {
                "language": "pt",
                "value": "Pó e suspensão para suspensão injetável"
              }
            ]
          },
          {
            "code": "50048600",
            "display": "Powder, dispersion and solvent for concentrate for dispersion for infusion",
            "designation": [
              {
                "language": "de",
                "value": "Pulver, Dispersion und Lösungsmittel für ein Konzentrat zur Herstellung einer Infusionsdispersion"
              },
              {
                "language": "el",
                "value": "Κόνις, διασπορά και διαλύτης για παρασκευή πυκνού σκευάσματος για διασπορά προς έγχυση"
              },
              {
                "language": "es",
                "value": "Polvo, dispersión y disolvente para concentrado para dispersión para perfusión"
              },
              {
                "language": "fr",
                "value": "Poudre, dispersion et solvant pour dispersion à diluer pour dispersion pour perfusion"
              },
              {
                "language": "it",
                "value": "Polvere, dispersione e solvente per concentrato per dispersione per infusione"
              },
              {
                "language": "pt",
                "value": "Pó, dispersão e veículo para concentrado para dispersão para perfusão"
              }
            ]
          },
          {
            "code": "50055350",
            "display": "Powder, solvent and matrix for implantation matrix",
            "designation": [
              {
                "language": "de",
                "value": "Pulver, Lösungsmittel und Matrix  zur Herstellung einer Matrix zur Implantation"
              },
              {
                "language": "el",
                "value": "Κόνις, διαλύτης και υπόστρωμα για παρασκευή υποστρώματος εμφύτευσης"
              },
              {
                "language": "es",
                "value": "Polvo, disolvente y matriz para preparación de matriz para implantación"
              },
              {
                "language": "fr",
                "value": "Poudre, solvant et matrice pour matrice pour implantation"
              },
              {
                "language": "it",
                "value": "Polvere, solvente e matrice per matrice per impianto"
              },
              {
                "language": "pt",
                "value": "Pó, solvente e matriz para matriz para implantação"
              }
            ]
          },
          {
            "code": "50062000",
            "display": "Suspension and effervescent granules for oral suspension",
            "designation": [
              {
                "language": "de",
                "value": "Suspension und Brausegranulat zur Herstellung einer Suspension zum Einnehmen"
              },
              {
                "language": "el",
                "value": "Εναιώρημα και αναβράζοντα κοκκία για πόσιμο εναιώρημα"
              },
              {
                "language": "es",
                "value": "Suspensión y granulado efervescente para suspensión oral"
              },
              {
                "language": "fr",
                "value": "Suspension et granules effervescents pour suspension buvable"
              },
              {
                "language": "it",
                "value": "Sospensione e granulato effervescente per sospensione orale"
              },
              {
                "language": "pt",
                "value": "Suspensão e granulado efervescente para suspensão oral"
              }
            ]
          },
          {
            "code": "50062500",
            "display": "Suspension and solution for spray",
            "designation": [
              {
                "language": "de",
                "value": "Suspension und Lösung zur Herstellung eines Sprays"
              },
              {
                "language": "el",
                "value": "Εναιώρημα και διάλυμα για ψεκασμό"
              },
              {
                "language": "es",
                "value": "Suspensión y solución para pulverización"
              },
              {
                "language": "fr",
                "value": "Suspension et solution pour pulvérisation"
              },
              {
                "language": "it",
                "value": "Sospensione e soluzione per spray"
              },
              {
                "language": "pt",
                "value": "Suspensão e solução para pulverização"
              }
            ]
          },
          {
            "code": "50062750",
            "display": "Suspension and solvent for suspension for injection",
            "designation": [
              {
                "language": "de",
                "value": "Suspension und Lösungsmittel zur Herstellung einer Injektionssuspension"
              },
              {
                "language": "el",
                "value": "Εναιώρημα και διαλύτης για παρασκευή ενεσίμου εναιώρηματος"
              },
              {
                "language": "es",
                "value": "Suspensión y disolvente para suspensión inyectable"
              },
              {
                "language": "fr",
                "value": "Suspension et solvant pour suspension injectable"
              }
            ]
          },
          {
            "code": "50064000",
            "display": "Tablet and solvent for rectal suspension",
            "designation": [
              {
                "language": "de",
                "value": "Tabletten und Lösungsmittel zur Herstellung einer Rektalsuspension"
              },
              {
                "language": "el",
                "value": "Δισκίο και διαλύτης για παρασκευή εναιωρήματος από του ορθού"
              },
              {
                "language": "es",
                "value": "Comprimido y disolvente para suspensión rectal"
              },
              {
                "language": "fr",
                "value": "Comprimé et solvant pour suspension rectale"
              },
              {
                "language": "it",
                "value": "Compressa e solvente per sospensione rettale"
              },
              {
                "language": "pt",
                "value": "Comprimido e veículo para suspensão retal"
              }
            ]
          },
          {
            "code": "50065000",
            "display": "Tablet and powder for oral solution",
            "designation": [
              {
                "language": "de",
                "value": "Tabletten und Pulver zur Herstellung einer Lösung zum Einnehmen"
              },
              {
                "language": "el",
                "value": "Δισκίο και κόνις για πόσιμο διάλυμα"
              },
              {
                "language": "es",
                "value": "Comprimido y polvo para solución oral"
              },
              {
                "language": "fr",
                "value": "Comprimé et poudre pour solution buvable"
              },
              {
                "language": "it",
                "value": "Compressa e polvere per soluzione orale"
              },
              {
                "language": "pt",
                "value": "Comprimido e pó para solução oral"
              }
            ]
          },
          {
            "code": "50071000",
            "display": "Powder and solvent for dental gel",
            "designation": [
              {
                "language": "de",
                "value": "Pulver und Lösungsmittel zur Herstellung eines Dentalgels"
              },
              {
                "language": "el",
                "value": "Κόνις και διαλύτης για οδοντική γέλη"
              },
              {
                "language": "es",
                "value": "Polvo y disolvente para gel dental"
              },
              {
                "language": "fr",
                "value": "Poudre et solvant pour gel dentaire"
              },
              {
                "language": "it",
                "value": "Polvere e solvente per gel dentale"
              },
              {
                "language": "pt",
                "value": "Pó e solvente para gel dental"
              }
            ]
          },
          {
            "code": "50078000",
            "display": "Gas and solvent for dispersion for injection/infusion",
            "designation": [
              {
                "language": "de",
                "value": "Gas und Lösungsmittel zur Herstellung einer Injektions-/Infusionsdispersion"
              },
              {
                "language": "el",
                "value": "Αέριο και διαλύτης για παρασκευή ενέσιμης διασποράς ή διασποράς προς έγχυση"
              },
              {
                "language": "es",
                "value": "Gas y disolvente para dispersión inyectable y para perfusión"
              },
              {
                "language": "fr",
                "value": "Gaz et solvant pour dispersion injectable/pour perfusion"
              },
              {
                "language": "it",
                "value": "Gas e solvente per dispersione iniettabile/ per infusione"
              },
              {
                "language": "pt",
                "value": "Gás e veículo para dispersão injetável ou para perfusão"
              }
            ]
          },
          {
            "code": "50080000",
            "display": "Powder and solvent for solution for injection/infusion",
            "designation": [
              {
                "language": "de",
                "value": "Pulver und Lösungsmittel zur Herstellung einer Injektions-/Infusionslösung"
              },
              {
                "language": "el",
                "value": "Κόνις και διαλύτης για παρασκευή ενεσίμου διαλύματος ή διαλύματος προς έγχυση"
              },
              {
                "language": "es",
                "value": "Polvo y disolvente para solución inyectable y para perfusión"
              },
              {
                "language": "fr",
                "value": "Poudre et solvant pour solution injectable/pour perfusion"
              },
              {
                "language": "it",
                "value": "Polvere e solvente per soluzione iniettabile/ per infusione"
              },
              {
                "language": "pt",
                "value": "Pó e solvente para solução injetável ou para perfusão"
              }
            ]
          }
        ]
      }
    ]
  }
}
