{
  "resourceType": "ValueSet",
  "status": "active",
  "name": "PharmaceuticalDoseForm",
  "id": "pharmaceutical-doseform-vs",
  "title": "EMA SPOR Pharmaceutical Dose Form",
  "description": "Pharmaceutical dose form. Does not include combination dose forms.",
  "version": "0.1.0",
  "url": "http://unicom-project.eu/fhir/ValueSet/pharmaceutical-doseform-vs",
  "experimental": false,
  "compose": {
    "include": [
      {
        "system": "https://spor.ema.europa.eu/v1/lists/200000000004"
      }
    ]
  }
}
