{
  "resourceType": "ValueSet",
  "id": "combination-pack",
  "url": "http://unicom-project.eu/fhir/ValueSet/combination-pack",
  "title": "EDQM Combination Pack",
  "description": "ValueSet Combination pack (dose form) from EDQM, CMP, see https://standardterms.edqm.eu/#",
  "name": "CombinationPack",
  "status": "active",
  "experimental": false,
  "immutable": false,
  "compose": {
    "include": [
      {
        "system": "https://standardterms.edqm.eu",
        "concept": [
          {
            "code": "14001000",
            "display": "Cream + pessary",
            "designation": [
              {
                "language": "de",
                "value": "Creme und Vaginalzäpfchen"
              },
              {
                "language": "el",
                "value": "Κρέμα +  Κολπικό υπόθετο"
              },
              {
                "language": "es",
                "value": "Crema + óvulo"
              },
              {
                "language": "fr",
                "value": "Crème + ovule"
              },
              {
                "language": "it",
                "value": "Crema + ovulo"
              },
              {
                "language": "pt",
                "value": "Creme + óvulo"
              }
            ]
          },
          {
            "code": "14002000",
            "display": "Cutaneous solution + medicated sponge",
            "designation": [
              {
                "language": "el",
                "value": "Δερματικό διάλυμα + Σπόγγος φαρμακούχος"
              },
              {
                "language": "es",
                "value": "Solución cutánea + esponja medicamentosa"
              },
              {
                "language": "fr",
                "value": "Solution cutanée + éponge médicamenteuse"
              },
              {
                "language": "it",
                "value": "Soluzione cutanea + spugna medicata"
              },
              {
                "language": "pt",
                "value": "Solução cutânea + esponja medicamentosa"
              }
            ]
          },
          {
            "code": "14003000",
            "display": "Gastro-resistant tablet + rectal suspension",
            "designation": [
              {
                "language": "de",
                "value": "Magensaftresistente Tablette und Rektalsuspension"
              },
              {
                "language": "el",
                "value": "Γαστροανθεκτικό δισκίο + Ορθικό εναιώρημα"
              },
              {
                "language": "es",
                "value": "Comprimido gastrorresistente + suspensión rectal"
              },
              {
                "language": "fr",
                "value": "Comprimé gastrorésistant + suspension rectale"
              },
              {
                "language": "it",
                "value": "Compressa gastroresistente + sospensione rettale"
              },
              {
                "language": "pt",
                "value": "Comprimido gastrorresistente + suspensão retal"
              }
            ]
          },
          {
            "code": "14004000",
            "display": "Vaginal capsule, soft + vaginal cream",
            "designation": [
              {
                "language": "de",
                "value": "Weichkapsel zur vaginalen Anwendung und Vaginalcreme"
              },
              {
                "language": "el",
                "value": "Κολπικό καψάκιο, μαλακό + κολπική κρέμα"
              },
              {
                "language": "es",
                "value": "Cápsula blanda vaginal + crema vaginal"
              },
              {
                "language": "fr",
                "value": "Capsule molle vaginale + crème vaginale"
              },
              {
                "language": "it",
                "value": "Capsula molle vaginale + crema vaginale"
              },
              {
                "language": "pt",
                "value": "Cápsula mole vaginal + creme vaginal"
              }
            ]
          },
          {
            "code": "14005000",
            "display": "Vaginal cream + vaginal tablet",
            "designation": [
              {
                "language": "de",
                "value": "Vaginalcreme und Vaginaltablette"
              },
              {
                "language": "el",
                "value": "Κολπική κρέμα + κολπικό δισκίο"
              },
              {
                "language": "es",
                "value": "Crema vaginal + comprimido vaginal"
              },
              {
                "language": "fr",
                "value": "Crème vaginale + comprimé vaginal"
              },
              {
                "language": "it",
                "value": "Crema vaginale + compressa vaginale"
              },
              {
                "language": "pt",
                "value": "Creme vaginal + comprimido vaginal"
              }
            ]
          },
          {
            "code": "14006000",
            "display": "Effervescent granules + film-coated tablet",
            "designation": [
              {
                "language": "de",
                "value": "Brausegranulat und Filmtablette"
              },
              {
                "language": "el",
                "value": "Αναβράζοντα κοκκία + επικαλυμμένο με λεπτό υμένιο δισκίο"
              },
              {
                "language": "es",
                "value": "Granulado efervescente + comprimido recubierto con película"
              },
              {
                "language": "fr",
                "value": "Granulés effervescents + comprimé pelliculé"
              },
              {
                "language": "it",
                "value": "Granulato effervescente + compressa rivestita con film"
              },
              {
                "language": "pt",
                "value": "Granulado efervescente + comprimido revestido por película"
              }
            ]
          },
          {
            "code": "14007000",
            "display": "Effervescent tablet + film-coated tablet",
            "designation": [
              {
                "language": "de",
                "value": "Brausetablette und Filmtablette"
              },
              {
                "language": "el",
                "value": "Αναβράζον δισκίο +  επικαλυμμένο με λεπτό υμένιο δισκίο"
              },
              {
                "language": "es",
                "value": "Comprimido efervescente + comprimido recubierto con película"
              },
              {
                "language": "fr",
                "value": "Comprimé effervescent + comprimé pelliculé"
              },
              {
                "language": "it",
                "value": "Compressa effervescente + compressa rivestita con film"
              },
              {
                "language": "pt",
                "value": "Comprimido efervescente + comprimido revestido por película"
              }
            ]
          },
          {
            "code": "14008000",
            "display": "Tablet + vaginal tablet",
            "designation": [
              {
                "language": "de",
                "value": "Tablette und Vaginaltablette"
              },
              {
                "language": "el",
                "value": "Δισκίο + κολπικό δισκίο"
              },
              {
                "language": "es",
                "value": "Comprimido + comprimido vaginal"
              },
              {
                "language": "fr",
                "value": "Comprimé + comprimé vaginal"
              },
              {
                "language": "it",
                "value": "Compressa + compressa vaginale"
              },
              {
                "language": "pt",
                "value": "Comprimido + comprimido vaginal"
              }
            ]
          },
          {
            "code": "14009000",
            "display": "Cream + vaginal capsule, soft",
            "designation": [
              {
                "language": "de",
                "value": "Creme und Weichkapsel zur vaginalen Anwendung"
              },
              {
                "language": "el",
                "value": "Κρέμα + κολπικό καψάκιο, μαλακό"
              },
              {
                "language": "es",
                "value": "Crema + cápsula vaginal blanda"
              },
              {
                "language": "fr",
                "value": "Crème + capsule molle vaginale"
              },
              {
                "language": "it",
                "value": "Crema + capsula molle vaginale"
              },
              {
                "language": "pt",
                "value": "Creme + cápsula mole vaginal"
              }
            ]
          },
          {
            "code": "14010000",
            "display": "Cream + vaginal tablet",
            "designation": [
              {
                "language": "de",
                "value": "Creme und Vaginaltablette"
              },
              {
                "language": "el",
                "value": "Κρέμα + κολπικό δισκίο"
              },
              {
                "language": "es",
                "value": "Crema + comprimido vaginal"
              },
              {
                "language": "fr",
                "value": "Crème + comprimé vaginal"
              },
              {
                "language": "it",
                "value": "Crema + compressa vaginale"
              },
              {
                "language": "pt",
                "value": "Creme + comprimido vaginal"
              }
            ]
          },
          {
            "code": "14011000",
            "display": "Film-coated tablet + pessary",
            "designation": [
              {
                "language": "de",
                "value": "Filmtablette und Vaginalzäpfchen"
              },
              {
                "language": "el",
                "value": "Επικαλυμμένο με λεπτό υμένιο δισκίο + κολπικό υπόθετο"
              },
              {
                "language": "es",
                "value": "Comprimido recubierto con película + óvulo"
              },
              {
                "language": "it",
                "value": "Compressa rivestita con film + ovulo"
              },
              {
                "language": "pt",
                "value": "Comprimido revestido por película + óvulo"
              }
            ]
          },
          {
            "code": "14012000",
            "display": "Capsule, soft + tablet",
            "designation": [
              {
                "language": "de",
                "value": "Weichkapsel und Tablette"
              },
              {
                "language": "es",
                "value": "Cápsula blanda + comprimido"
              },
              {
                "language": "it",
                "value": "Capsula molle + compressa"
              },
              {
                "language": "pt",
                "value": "Cápsula mole + comprimido"
              }
            ]
          },
          {
            "code": "14013000",
            "display": "Capsule, hard + tablet",
            "designation": [
              {
                "language": "de",
                "value": "Hartkapsel und Tablette"
              },
              {
                "language": "es",
                "value": "Cápsula dura + comprimido"
              },
              {
                "language": "it",
                "value": "Capsula rigida + compressa"
              },
              {
                "language": "pt",
                "value": "Cápsula + comprimido"
              }
            ]
          },
          {
            "code": "14014000",
            "display": "Film-coated tablet + tablet",
            "designation": [
              {
                "language": "de",
                "value": "Filmtablette und Tablette"
              },
              {
                "language": "es",
                "value": "Comprimido recubierto con película + comprimido"
              },
              {
                "language": "it",
                "value": "Compressa rivestita con film + compressa"
              },
              {
                "language": "pt",
                "value": "Comprimido revestido por película + comprimido"
              }
            ]
          },
          {
            "code": "14015000",
            "display": "Ointment + vaginal tablet",
            "designation": [
              {
                "language": "es",
                "value": "Pomada + comprimido vaginal"
              },
              {
                "language": "it",
                "value": "Unguento + compressa vaginale"
              },
              {
                "language": "pt",
                "value": "Pomada + Comprimido vaginal"
              }
            ]
          },
          {
            "code": "14016000",
            "display": "Effervescent granules + gastro-resistant tablet",
            "designation": [
              {
                "language": "es",
                "value": "Granulado efervescente + Comprimido gastrorresistente"
              },
              {
                "language": "fr",
                "value": "Granulés effervescents + comprimé gastrorésistant"
              },
              {
                "language": "it",
                "value": "Granulato effervescente + compressa gastroresistente"
              },
              {
                "language": "pt",
                "value": "Granulado efervescente + comprimido gastrorresistente"
              }
            ]
          },
          {
            "code": "14017000",
            "display": "Eye drops, solution + eye ointment"
          }
        ]
      }
    ]
  }
}
