{
  "resourceType": "ValueSet",
  "id": "administration-device",
  "url": "http://unicom-project.eu/fhir/ValueSet/administration-device",
  "title": "EDQM Administration Device",
  "description": "ValueSet Administration device from EDQM, DEV, see https://standardterms.edqm.eu/#",
  "name": "AdministrationDevice",
  "status": "active",
  "experimental": false,
  "immutable": false,
  "compose": {
    "include": [
      {
        "system": "https://standardterms.edqm.eu",
        "concept": [
          {
            "code": "13072000",
            "display": "Oral applicator",
            "designation": [
              {
                "language": "de",
                "value": "Applikator für die orale Verabreichung"
              },
              {
                "language": "el",
                "value": "Εξάρτημα χορήγησης  από του στόματος"
              },
              {
                "language": "es",
                "value": "Aplicador para uso oral"
              },
              {
                "language": "fr",
                "value": "Applicateur pour administration orale"
              },
              {
                "language": "it",
                "value": "Applicatore per somministrazione orale"
              },
              {
                "language": "pt",
                "value": "Aplicador oral"
              }
            ]
          },
          {
            "code": "13114000",
            "display": "Pen",
            "designation": [
              {
                "language": "de",
                "value": "Pen"
              },
              {
                "language": "es",
                "value": "Pluma"
              },
              {
                "language": "fr",
                "value": "Stylo"
              },
              {
                "language": "it",
                "value": "Penna"
              },
              {
                "language": "pt",
                "value": "Caneta"
              }
            ]
          },
          {
            "code": "30000500",
            "display": "Administration system",
            "designation": [
              {
                "language": "de",
                "value": "Applikationssystem"
              },
              {
                "language": "el",
                "value": "Σύστημα χορήγησης"
              },
              {
                "language": "es",
                "value": "Sistema de administración"
              },
              {
                "language": "fr",
                "value": "Système d'administration"
              },
              {
                "language": "it",
                "value": "Sistema di somministrazione"
              },
              {
                "language": "pt",
                "value": "Sistema de administração"
              }
            ]
          },
          {
            "code": "30002000",
            "display": "Applicator",
            "designation": [
              {
                "language": "de",
                "value": "Applikator"
              },
              {
                "language": "el",
                "value": "Εξάρτημα χορήγησης"
              },
              {
                "language": "es",
                "value": "Aplicador"
              },
              {
                "language": "fr",
                "value": "Applicateur"
              },
              {
                "language": "it",
                "value": "Applicatore"
              },
              {
                "language": "pt",
                "value": "Aplicador"
              }
            ]
          },
          {
            "code": "30003000",
            "display": "Automatic injection device",
            "designation": [
              {
                "language": "de",
                "value": "automatischer Injektor"
              },
              {
                "language": "el",
                "value": "Συσκευή αυτόματης ένεσης"
              },
              {
                "language": "es",
                "value": "Inyector automático"
              },
              {
                "language": "fr",
                "value": "Injecteur automatique"
              },
              {
                "language": "it",
                "value": "Dispositivo automatico per iniezone"
              },
              {
                "language": "pt",
                "value": "Seringa automática"
              }
            ]
          },
          {
            "code": "30005000",
            "display": "Balling gun",
            "designation": [
              {
                "language": "de",
                "value": "Bolusgeber"
              },
              {
                "language": "el",
                "value": "Συσκευή χορήγησης βώλων"
              },
              {
                "language": "es",
                "value": "Aplicador para administración intrarruminal"
              },
              {
                "language": "fr",
                "value": "Applicateur pour dispositif intraruminal"
              },
              {
                "language": "it",
                "value": "Applicatore per dispositivo intraruminale"
              },
              {
                "language": "pt",
                "value": "Aplicador para bólus"
              }
            ]
          },
          {
            "code": "30010000",
            "display": "Brush",
            "designation": [
              {
                "language": "de",
                "value": "Pinsel"
              },
              {
                "language": "el",
                "value": "Ψύκτρα"
              },
              {
                "language": "es",
                "value": "Pincel"
              },
              {
                "language": "fr",
                "value": "Pinceau applicateur"
              },
              {
                "language": "it",
                "value": "Pennello"
              },
              {
                "language": "pt",
                "value": "Pincel"
              }
            ]
          },
          {
            "code": "30012000",
            "display": "Cannula",
            "designation": [
              {
                "language": "de",
                "value": "Kanüle"
              },
              {
                "language": "el",
                "value": "Σωληνίσκος"
              },
              {
                "language": "es",
                "value": "Cánula"
              },
              {
                "language": "fr",
                "value": "Canule"
              },
              {
                "language": "it",
                "value": "Cannula"
              },
              {
                "language": "pt",
                "value": "Cânula"
              }
            ]
          },
          {
            "code": "30016000",
            "display": "Cup",
            "designation": [
              {
                "language": "de",
                "value": "Messbecher"
              },
              {
                "language": "el",
                "value": "Κύπελλο"
              },
              {
                "language": "es",
                "value": "Vaso dosificador"
              },
              {
                "language": "fr",
                "value": "Godet"
              },
              {
                "language": "it",
                "value": "Bicchiere dosatore"
              },
              {
                "language": "pt",
                "value": "Copo-medida"
              }
            ]
          },
          {
            "code": "30017000",
            "display": "Dabbing applicator",
            "designation": [
              {
                "language": "de",
                "value": "Verschluss mit Tupfer"
              },
              {
                "language": "el",
                "value": "Πώμα με εξάρτημα επάλειψης"
              },
              {
                "language": "es",
                "value": "Cierre con aplicador para toques"
              },
              {
                "language": "fr",
                "value": "Embout applicateur"
              },
              {
                "language": "it",
                "value": "Tappo con applicatore"
              },
              {
                "language": "pt",
                "value": "Fecho com aplicador de contacto"
              }
            ]
          },
          {
            "code": "30018200",
            "display": "Dose dispenser",
            "designation": [
              {
                "language": "de",
                "value": "Dosiergerät"
              },
              {
                "language": "el",
                "value": "Δοσομετρητής"
              },
              {
                "language": "es",
                "value": "Dispensador de dosis"
              },
              {
                "language": "fr",
                "value": "Dispensateur de dose"
              },
              {
                "language": "it",
                "value": "Dispensatore di dose"
              },
              {
                "language": "pt",
                "value": "Dispensador de dose"
              }
            ]
          },
          {
            "code": "30019000",
            "display": "Dredging applicator",
            "designation": [
              {
                "language": "de",
                "value": "Verschluss mit Streuvorrichtung"
              },
              {
                "language": "el",
                "value": "Πώμα με εξάρτημα επίπασης"
              },
              {
                "language": "es",
                "value": "Cierre espolvoreador"
              },
              {
                "language": "fr",
                "value": "Embout poudreur"
              },
              {
                "language": "it",
                "value": "Aspersore"
              },
              {
                "language": "pt",
                "value": "Fecho polvilhador"
              }
            ]
          },
          {
            "code": "30021000",
            "display": "Drench gun",
            "designation": [
              {
                "language": "de",
                "value": "Applikator für eine Flüssigkeit zum Einnehmen"
              },
              {
                "language": "el",
                "value": "Συσκευή χορήγησης στοματικών διαλυμάτων"
              },
              {
                "language": "es",
                "value": "Pistola dosificadora"
              },
              {
                "language": "fr",
                "value": "Embout buccal"
              },
              {
                "language": "it",
                "value": "Pistola dosatrice per somministrazioni orali"
              },
              {
                "language": "pt",
                "value": "Pistola doseadora"
              }
            ]
          },
          {
            "code": "30022000",
            "display": "Dropper applicator",
            "designation": [
              {
                "language": "de",
                "value": "Verschluss mit Tropfer"
              },
              {
                "language": "el",
                "value": "Σταγονομετρικό βιδωτό πώμα"
              },
              {
                "language": "es",
                "value": "Tapón cuentagotas"
              },
              {
                "language": "fr",
                "value": "Embout compte-gouttes"
              },
              {
                "language": "it",
                "value": "Contagocce"
              },
              {
                "language": "pt",
                "value": "Fecho conta-gotas"
              }
            ]
          },
          {
            "code": "30025000",
            "display": "High pressure transdermal delivery device",
            "designation": [
              {
                "language": "de",
                "value": "Intradermaldruckinjektor"
              },
              {
                "language": "el",
                "value": "Σύστημα διαδερμικής χορήγησης υπό πίεση"
              },
              {
                "language": "es",
                "value": "Dispositivo a presión para liberación transdermica"
              },
              {
                "language": "fr",
                "value": "Injecteur intradermique sous pression"
              },
              {
                "language": "it",
                "value": "Dispositivo sotto pressione a rilascio transdermico"
              },
              {
                "language": "pt",
                "value": "Injector transdérmico sob pressão"
              }
            ]
          },
          {
            "code": "30026000",
            "display": "Implanter",
            "designation": [
              {
                "language": "de",
                "value": "Implantatinjektor"
              },
              {
                "language": "el",
                "value": "Συσκευή εμφύτευσης"
              },
              {
                "language": "es",
                "value": "Inyector de implantes"
              },
              {
                "language": "fr",
                "value": "Pistolet pour implant"
              },
              {
                "language": "it",
                "value": "Iniettore per impianto"
              },
              {
                "language": "pt",
                "value": "Seringa para implantes"
              }
            ]
          },
          {
            "code": "30026500",
            "display": "Inhaler",
            "designation": [
              {
                "language": "de",
                "value": "Inhalator"
              },
              {
                "language": "el",
                "value": "Συσκευή εισπνοής"
              },
              {
                "language": "es",
                "value": "Inhalador"
              },
              {
                "language": "fr",
                "value": "Inhalateur"
              },
              {
                "language": "it",
                "value": "Inalatore"
              },
              {
                "language": "pt",
                "value": "Inalador"
              }
            ]
          },
          {
            "code": "30027000",
            "display": "In-ovo injection device",
            "designation": [
              {
                "language": "de",
                "value": "Eiinjektor"
              },
              {
                "language": "el",
                "value": "Συσκευή χορήγησης in ovo"
              },
              {
                "language": "es",
                "value": "Inyector automático in ovo"
              },
              {
                "language": "fr",
                "value": "Dispositif pour injection in ovo"
              },
              {
                "language": "it",
                "value": "Dispositivo per iniezione in ovo"
              },
              {
                "language": "pt",
                "value": "Seringa para via transcoriónica"
              }
            ]
          },
          {
            "code": "30028000",
            "display": "Injection needle",
            "designation": [
              {
                "language": "de",
                "value": "Injektionsnadel"
              },
              {
                "language": "el",
                "value": "Βελόνη σύριγγας"
              },
              {
                "language": "es",
                "value": "Aguja para inyección"
              },
              {
                "language": "fr",
                "value": "Aiguille"
              },
              {
                "language": "it",
                "value": "Ago per iniezione"
              },
              {
                "language": "pt",
                "value": "Agulha para injecção"
              }
            ]
          },
          {
            "code": "30029000",
            "display": "Injection syringe",
            "designation": [
              {
                "language": "de",
                "value": "Injektionsspritze"
              },
              {
                "language": "el",
                "value": "Σύριγγα ένεσης"
              },
              {
                "language": "es",
                "value": "Jeringa para inyección"
              },
              {
                "language": "fr",
                "value": "Seringue"
              },
              {
                "language": "it",
                "value": "Siringa per iniezione"
              },
              {
                "language": "pt",
                "value": "Seringa para injectáveis"
              }
            ]
          },
          {
            "code": "30030000",
            "display": "Internal graduated calibration chamber",
            "designation": [
              {
                "language": "de",
                "value": "Intern graduierte Dosierkammer"
              },
              {
                "language": "el",
                "value": "Δοσιμετρικό εξάρτημα"
              },
              {
                "language": "es",
                "value": "Dispensador de dosis múltiples"
              },
              {
                "language": "fr",
                "value": "Dispositif à cran d'arrêt"
              },
              {
                "language": "it",
                "value": "Bolo ruminale"
              },
              {
                "language": "pt",
                "value": "Câmara de calibração graduada"
              }
            ]
          },
          {
            "code": "30031000",
            "display": "Intramammary syringe",
            "designation": [
              {
                "language": "de",
                "value": "Euterinjektor"
              },
              {
                "language": "el",
                "value": "Ενδομαστική σύριγγα"
              },
              {
                "language": "es",
                "value": "Jeringa intramamaria"
              },
              {
                "language": "fr",
                "value": "Seringue pour administration intramammaire"
              },
              {
                "language": "it",
                "value": "Siringa intramammaria"
              },
              {
                "language": "pt",
                "value": "Injetor intramamário"
              }
            ]
          },
          {
            "code": "30033000",
            "display": "Measuring device",
            "designation": [
              {
                "language": "de",
                "value": "Dosierhilfe"
              },
              {
                "language": "el",
                "value": "Δοσιμετρικό εξάρτημα"
              },
              {
                "language": "es",
                "value": "Dosificador"
              },
              {
                "language": "fr",
                "value": "Dispositif de mesure"
              },
              {
                "language": "it",
                "value": "Dosatore"
              },
              {
                "language": "pt",
                "value": "Dispositivo doseador"
              }
            ]
          },
          {
            "code": "30034000",
            "display": "Measuring spoon",
            "designation": [
              {
                "language": "de",
                "value": "Messlöffel"
              },
              {
                "language": "el",
                "value": "Δοσιμετρικό κοχλιάριο"
              },
              {
                "language": "es",
                "value": "Cucharilla de medida"
              },
              {
                "language": "fr",
                "value": "Cuillère-mesure"
              },
              {
                "language": "it",
                "value": "Cucchiaio dosatore"
              },
              {
                "language": "pt",
                "value": "Colher-medida"
              }
            ]
          },
          {
            "code": "30037000",
            "display": "Mouthpiece",
            "designation": [
              {
                "language": "de",
                "value": "Mundstück"
              },
              {
                "language": "el",
                "value": "Εξάρτημα στοματικής προσαρμογής"
              },
              {
                "language": "es",
                "value": "Aplicador bucal"
              },
              {
                "language": "fr",
                "value": "Embout buccal"
              },
              {
                "language": "it",
                "value": "Boccaglio"
              },
              {
                "language": "pt",
                "value": "Aplicador bucal"
              }
            ]
          },
          {
            "code": "30040000",
            "display": "Multipuncturer",
            "designation": [
              {
                "language": "de",
                "value": "Multipunkturstempel"
              },
              {
                "language": "el",
                "value": "Εξάρτημα πολλαπλής νύξεως"
              },
              {
                "language": "es",
                "value": "Aplicador para punción múltiple"
              },
              {
                "language": "fr",
                "value": "Applicateur pour multipuncture"
              },
              {
                "language": "it",
                "value": "Dispositivo per intradermoreazione per puntura multipla"
              },
              {
                "language": "pt",
                "value": "Aplicador para punção múltipla"
              }
            ]
          },
          {
            "code": "30041000",
            "display": "Nasal applicator",
            "designation": [
              {
                "language": "de",
                "value": "Nasenapplikator"
              },
              {
                "language": "el",
                "value": "Εξάρτημα ρινικής προσαρμογής"
              },
              {
                "language": "es",
                "value": "Aplicador nasal"
              },
              {
                "language": "fr",
                "value": "Embout nasal"
              },
              {
                "language": "it",
                "value": "Applicatore nasale"
              },
              {
                "language": "pt",
                "value": "Aplicador nasal"
              }
            ]
          },
          {
            "code": "30042000",
            "display": "Nebuliser",
            "designation": [
              {
                "language": "de",
                "value": "Vernebler"
              },
              {
                "language": "el",
                "value": "Εκνεφωτής"
              },
              {
                "language": "es",
                "value": "Nebulizador"
              },
              {
                "language": "fr",
                "value": "Nébuliseur"
              },
              {
                "language": "it",
                "value": "Nebulizzatore"
              },
              {
                "language": "pt",
                "value": "Nebulizador"
              }
            ]
          },
          {
            "code": "30043500",
            "display": "Needle-free injector",
            "designation": [
              {
                "language": "de",
                "value": "nadelfreier Injektor"
              },
              {
                "language": "el",
                "value": "Σύστημα διαδερμικής χορήγησης χωρίς βελόνα"
              },
              {
                "language": "es",
                "value": "Inyector sin aguja"
              },
              {
                "language": "fr",
                "value": "Injecteur sans aiguille"
              },
              {
                "language": "it",
                "value": "Iniettore privo di ago"
              },
              {
                "language": "pt",
                "value": "Injetor sem seringa"
              }
            ]
          },
          {
            "code": "30044000",
            "display": "Nozzle",
            "designation": [
              {
                "language": "de",
                "value": "Sprühkopf"
              },
              {
                "language": "el",
                "value": "Ρύγχος"
              },
              {
                "language": "es",
                "value": "Boquilla"
              },
              {
                "language": "fr",
                "value": "Embout"
              },
              {
                "language": "it",
                "value": "Erogatore"
              },
              {
                "language": "pt",
                "value": "Adaptador"
              }
            ]
          },
          {
            "code": "30045000",
            "display": "Oral syringe",
            "designation": [
              {
                "language": "de",
                "value": "Applikationsspritze für Zubereitungen zum Einnehmen"
              },
              {
                "language": "el",
                "value": "Σύριγγα για χορήγηση από του στόματος"
              },
              {
                "language": "es",
                "value": "Jeringa para uso oral"
              },
              {
                "language": "fr",
                "value": "Seringue pour administration orale"
              },
              {
                "language": "it",
                "value": "Siringa per somministrazione orale"
              },
              {
                "language": "pt",
                "value": "Seringa para uso oral"
              }
            ]
          },
          {
            "code": "30046000",
            "display": "Pipette",
            "designation": [
              {
                "language": "de",
                "value": "Pipette"
              },
              {
                "language": "el",
                "value": "Πιπέτα"
              },
              {
                "language": "es",
                "value": "Pipeta"
              },
              {
                "language": "fr",
                "value": "Pipette"
              },
              {
                "language": "it",
                "value": "Pipetta"
              },
              {
                "language": "pt",
                "value": "Pipeta"
              }
            ]
          },
          {
            "code": "30053000",
            "display": "Prick test applicator",
            "designation": [
              {
                "language": "de",
                "value": "Teststempel"
              },
              {
                "language": "el",
                "value": "Εξάρτημα εφαρμογής αλλεργιογόνων δτα νύξεως"
              },
              {
                "language": "es",
                "value": "Aplicador para pruebas de alergenos"
              },
              {
                "language": "fr",
                "value": "Applicateur pour prick test"
              },
              {
                "language": "it",
                "value": "Dispositivo per prick test"
              },
              {
                "language": "pt",
                "value": "Estilete aplicador"
              }
            ]
          },
          {
            "code": "30055000",
            "display": "Scarifier",
            "designation": [
              {
                "language": "de",
                "value": "Einritzer"
              },
              {
                "language": "el",
                "value": "Ακίδα σκαριφισμού"
              },
              {
                "language": "es",
                "value": "Escarificador"
              },
              {
                "language": "fr",
                "value": "Vaccinostyle"
              },
              {
                "language": "it",
                "value": "Scarificatore"
              },
              {
                "language": "pt",
                "value": "Escarificador"
              }
            ]
          },
          {
            "code": "30058000",
            "display": "Spatula",
            "designation": [
              {
                "language": "de",
                "value": "Spatel"
              },
              {
                "language": "el",
                "value": "Σπαθίδα"
              },
              {
                "language": "es",
                "value": "Espátula"
              },
              {
                "language": "fr",
                "value": "Spatule"
              },
              {
                "language": "it",
                "value": "Spatola"
              },
              {
                "language": "pt",
                "value": "Espátula"
              }
            ]
          },
          {
            "code": "30059000",
            "display": "Spot-on applicator",
            "designation": [
              {
                "language": "de",
                "value": "Tropfapplikator"
              },
              {
                "language": "el",
                "value": "Συσκευή επίχυσης σε σημείο"
              },
              {
                "language": "es",
                "value": "Aplicador para unción puntual"
              },
              {
                "language": "fr",
                "value": "Applicateur pour spot-on"
              },
              {
                "language": "it",
                "value": "Applicatore per spot-on"
              },
              {
                "language": "pt",
                "value": "Aplicador para unção punctiforme"
              }
            ]
          },
          {
            "code": "30063000",
            "display": "Stab vaccinator",
            "designation": [
              {
                "language": "de",
                "value": "Impfautomat"
              },
              {
                "language": "el",
                "value": "Ακίδα εμβολιασμού"
              },
              {
                "language": "es",
                "value": "Punzón"
              },
              {
                "language": "fr",
                "value": "Stylet"
              },
              {
                "language": "it",
                "value": "Dispositivo a punta per vaccinazione"
              },
              {
                "language": "pt",
                "value": "estilete de inoculação"
              }
            ]
          },
          {
            "code": "30068000",
            "display": "Vaginal sponge applicator",
            "designation": [
              {
                "language": "de",
                "value": "Applikator für ein Schwämmchen zur vaginalen Anwendung"
              },
              {
                "language": "el",
                "value": "Συσκευή για ενδοκολπική τοποθέτηση σπόγγων"
              },
              {
                "language": "es",
                "value": "Aplicador de esponjas vaginales"
              },
              {
                "language": "fr",
                "value": "Applicateur pour éponge vaginale"
              },
              {
                "language": "it",
                "value": "Applicatore per spugnetta intravaginale"
              },
              {
                "language": "pt",
                "value": "Aplicador para esponja vaginal"
              }
            ]
          }
        ]
      }
    ]
  }
}
