{
  "resourceType": "MedicinalProductDefinition",
  "id": "remedyrepack-inc-amlodipine-2-5-MG-Oral-Tablet-x-3-694-USA-MPD",
  "meta": {
    "profile": [
      "http://unicom-project.eu/fhir/StructureDefinition/PPLMedicinalProductDefinition"
    ]
  },
  "identifier": [
    {
      "system": "http://ema.europa.eu/fhir/mpId",
      "value": "remedyrepack-inc-amlodipine-2-5-MG-Oral-Tablet-x-3-694-USA-MPD"
    }
  ],
  "name": [
    {
      "usage": [
        {
          "country": {
            "coding": [
              {
                "system": "https://spor.ema.europa.eu/v1/lists/100000000002",
                "code": "100000000557",
                "display": "United States of America"
              }
            ]
          },
          "language": {
            "coding": [
              {
                "code": "100000072147",
                "system": "https://spor.ema.europa.eu/v1/lists/100000072057",
                "display": "English"
              }
            ]
          }
        }
      ],
      "productName": "remedyrepack inc amlodipine 2.5 MG Oral Tablet x 30 TABLET in 1 BLISTER PACK"
    }
  ],
  "domain": {
    "coding": [
      {
        "code": "100000000012",
        "system": "https://spor.ema.europa.eu/v1/lists/100000000004",
        "display": "Human use"
      }
    ]
  },
  "status": {
    "coding": [
      {
        "code": "200000005004",
        "system": "https://spor.ema.europa.eu/v1/lists/200000005003",
        "display": "Provisional"
      }
    ]
  },
  "combinedPharmaceuticalDoseForm": {
    "coding": [
      {
        "code": "100000073664",
        "system": "https://spor.ema.europa.eu/v1/lists/200000000004",
        "display": "Tablet"
      }
    ]
  },
  "legalStatusOfSupply": {
    "coding": [
      {
        "code": "100000072084",
        "system": "https://spor.ema.europa.eu/v1/lists/100000072051",
        "display": "Medicinal Product subject to medical prescription"
      }
    ]
  },
  "classification": [
    {
      "coding": [
        {
          "code": "100000095065",
          "system": "https://spor.ema.europa.eu/v1/lists/100000093533",
          "display": "amlodipine"
        }
      ]
    },
    {
      "coding": [
        {
          "code": "C08CA01",
          "system": "http://www.whocc.no/atc",
          "display": "amlodipine"
        }
      ]
    }
  ]
}
