{
  "resourceType": "MedicinalProductDefinition",
  "id": "lil-drug-store-products-inc-ibuprofen-200-MG-Oral--304-USA-MPD",
  "meta": {
    "profile": [
      "http://unicom-project.eu/fhir/StructureDefinition/PPLMedicinalProductDefinition"
    ]
  },
  "identifier": [
    {
      "system": "http://ema.europa.eu/fhir/mpId",
      "value": "lil-drug-store-products-inc-ibuprofen-200-MG-Oral--304-USA-MPD"
    }
  ],
  "name": [
    {
      "usage": [
        {
          "country": {
            "coding": [
              {
                "system": "https://spor.ema.europa.eu/v1/lists/100000000002",
                "code": "100000000557",
                "display": "United States of America"
              }
            ]
          },
          "language": {
            "coding": [
              {
                "code": "100000072147",
                "system": "https://spor.ema.europa.eu/v1/lists/100000072057",
                "display": "English"
              }
            ]
          }
        }
      ],
      "productName": "lil drug store products inc ibuprofen 200 MG Oral Tablet x 2 POUCH in 1 CARTON   > 2 TABLET, FILM COATED in 1 POUCH"
    }
  ],
  "domain": {
    "coding": [
      {
        "code": "100000000012",
        "system": "https://spor.ema.europa.eu/v1/lists/100000000004",
        "display": "Human use"
      }
    ]
  },
  "status": {
    "coding": [
      {
        "code": "200000005004",
        "system": "https://spor.ema.europa.eu/v1/lists/200000005003",
        "display": "Provisional"
      }
    ]
  },
  "combinedPharmaceuticalDoseForm": {
    "coding": [
      {
        "code": "100000073665",
        "system": "https://spor.ema.europa.eu/v1/lists/200000000004",
        "display": "Film-coated tablet"
      }
    ]
  },
  "legalStatusOfSupply": {
    "coding": [
      {
        "code": "100000072084",
        "system": "https://spor.ema.europa.eu/v1/lists/100000072051",
        "display": "Medicinal Product subject to medical prescription"
      }
    ]
  },
  "classification": [
    {
      "coding": [
        {
          "code": "100000097010",
          "system": "https://spor.ema.europa.eu/v1/lists/100000093533",
          "display": "ibuprofen"
        }
      ]
    },
    {
      "coding": [
        {
          "code": "M02AA13",
          "system": "http://www.whocc.no/atc",
          "display": "ibuprofen"
        }
      ]
    }
  ]
}
