{
  "resourceType": "MedicinalProductDefinition",
  "id": "guardian-drug-company-ibuprofen-20-MG-ML-Oral-Susp-475-USA-MPD",
  "meta": {
    "profile": [
      "http://unicom-project.eu/fhir/StructureDefinition/PPLMedicinalProductDefinition"
    ]
  },
  "identifier": [
    {
      "system": "http://ema.europa.eu/fhir/mpId",
      "value": "guardian-drug-company-ibuprofen-20-MG-ML-Oral-Susp-475-USA-MPD"
    }
  ],
  "name": [
    {
      "usage": [
        {
          "country": {
            "coding": [
              {
                "system": "https://spor.ema.europa.eu/v1/lists/100000000002",
                "code": "100000000557",
                "display": "United States of America"
              }
            ]
          },
          "language": {
            "coding": [
              {
                "code": "100000072147",
                "system": "https://spor.ema.europa.eu/v1/lists/100000072057",
                "display": "English"
              }
            ]
          }
        }
      ],
      "productName": "guardian drug company ibuprofen 20 MG/ML Oral Suspension x 1 BOTTLE in 1 CARTON   > 120 mL in 1 BOTTLE"
    }
  ],
  "domain": {
    "coding": [
      {
        "code": "100000000012",
        "system": "https://spor.ema.europa.eu/v1/lists/100000000004",
        "display": "Human use"
      }
    ]
  },
  "status": {
    "coding": [
      {
        "code": "200000005004",
        "system": "https://spor.ema.europa.eu/v1/lists/200000005003",
        "display": "Provisional"
      }
    ]
  },
  "combinedPharmaceuticalDoseForm": {
    "coding": [
      {
        "code": "100000073362",
        "system": "https://spor.ema.europa.eu/v1/lists/200000000004",
        "display": "Oral suspension"
      }
    ]
  },
  "legalStatusOfSupply": {
    "coding": [
      {
        "code": "100000072084",
        "system": "https://spor.ema.europa.eu/v1/lists/100000072051",
        "display": "Medicinal Product subject to medical prescription"
      }
    ]
  },
  "classification": [
    {
      "coding": [
        {
          "code": "100000097010",
          "system": "https://spor.ema.europa.eu/v1/lists/100000093533",
          "display": "ibuprofen"
        }
      ]
    },
    {
      "coding": [
        {
          "code": "M02AA13",
          "system": "http://www.whocc.no/atc",
          "display": "ibuprofen"
        }
      ]
    }
  ]
}
