{
  "resourceType": "MedicinalProductDefinition",
  "id": "cadila-healthcare-limited-12-HR-carbamazepine-200--984-USA-MPD",
  "meta": {
    "profile": [
      "http://unicom-project.eu/fhir/StructureDefinition/PPLMedicinalProductDefinition"
    ]
  },
  "identifier": [
    {
      "system": "http://ema.europa.eu/fhir/mpId",
      "value": "cadila-healthcare-limited-12-HR-carbamazepine-200--984-USA-MPD"
    }
  ],
  "name": [
    {
      "usage": [
        {
          "country": {
            "coding": [
              {
                "system": "https://spor.ema.europa.eu/v1/lists/100000000002",
                "code": "100000000557",
                "display": "United States of America"
              }
            ]
          },
          "language": {
            "coding": [
              {
                "code": "100000072147",
                "system": "https://spor.ema.europa.eu/v1/lists/100000072057",
                "display": "English"
              }
            ]
          }
        }
      ],
      "productName": "cadila healthcare limited 12 HR carbamazepine 200 MG Extended Release Oral Tablet x 10 BLISTER PACK in 1 CARTON   > 10 TABLET, EXTENDED RELEASE in 1 BLISTER PACK"
    }
  ],
  "domain": {
    "coding": [
      {
        "code": "100000000012",
        "system": "https://spor.ema.europa.eu/v1/lists/100000000004",
        "display": "Human use"
      }
    ]
  },
  "status": {
    "coding": [
      {
        "code": "200000005004",
        "system": "https://spor.ema.europa.eu/v1/lists/200000005003",
        "display": "Provisional"
      }
    ]
  },
  "combinedPharmaceuticalDoseForm": {
    "coding": [
      {
        "code": "100000073683",
        "system": "https://spor.ema.europa.eu/v1/lists/200000000004",
        "display": "Prolonged-release tablet"
      }
    ]
  },
  "legalStatusOfSupply": {
    "coding": [
      {
        "code": "100000072084",
        "system": "https://spor.ema.europa.eu/v1/lists/100000072051",
        "display": "Medicinal Product subject to medical prescription"
      }
    ]
  },
  "classification": [
    {
      "coding": [
        {
          "code": "100000097377",
          "system": "https://spor.ema.europa.eu/v1/lists/100000093533",
          "display": "carbamazepine"
        }
      ]
    },
    {
      "coding": [
        {
          "code": "N03AF01",
          "system": "http://www.whocc.no/atc",
          "display": "carbamazepine"
        }
      ]
    }
  ]
}
