{
  "resourceType": "PackagedProductDefinition",
  "id": "Agen-5mg-Tablet-EE-PPD-1109887-A",
  "meta": {
    "profile": [
      "http://unicom-project.eu/fhir/StructureDefinition/PPLPackagedProductDefinition"
    ]
  },
  "identifier": [
    {
      "system": "http://ema.europa.eu/example/pcid",
      "value": "EE-100002580-15547-1109887"
    }
  ],
  "packageFor": [
    {
      "reference": "MedicinalProductDefinition/Agen-5mg-Tablet-EE-MPD"
    }
  ],
  "containedItemQuantity": [
    {
      "value": 30,
      "code": "200000002152",
      "system": "https://spor.ema.europa.eu/v1/lists/200000000014",
      "unit": "Tablet"
    }
  ],
  "description": "Tabletid on pakendatud PVC/PVDC/Al blistritesse (valged).",
  "marketingStatus": [
    {
      "country": {
        "coding": [
          {
            "code": "100000000388",
            "system": "https://spor.ema.europa.eu/v1/lists/100000000002",
            "display": "Republic of Estonia"
          }
        ]
      },
      "status": {
        "coding": [
          {
            "code": "100000072083",
            "system": "https://spor.ema.europa.eu/v1/lists/100000072052",
            "display": "Marketed"
          }
        ]
      }
    }
  ],
  "packaging": {
    "type": {
      "coding": [
        {
          "code": "100000073498",
          "system": "https://spor.ema.europa.eu/v1/lists/100000073346",
          "display": "Box"
        }
      ]
    },
    "quantity": 1,
    "material": [
      {
        "coding": [
          {
            "code": "200000003529",
            "system": "https://spor.ema.europa.eu/v1/lists/200000003199",
            "display": "Cardboard"
          }
        ]
      }
    ],
    "packaging": [
      {
        "type": {
          "coding": [
            {
              "code": "100000073496",
              "system": "https://spor.ema.europa.eu/v1/lists/100000073346",
              "display": "Blister"
            }
          ]
        },
        "quantity": 1,
        "material": [
          {
            "coding": [
              {
                "code": "200000003222",
                "system": "https://spor.ema.europa.eu/v1/lists/200000003199",
                "display": "PolyVinyl Chloride"
              }
            ]
          },
          {
            "coding": [
              {
                "code": "200000003225",
                "system": "https://spor.ema.europa.eu/v1/lists/200000003199",
                "display": "PolyVinylidene Chloride"
              }
            ]
          },
          {
            "coding": [
              {
                "code": "200000003200",
                "system": "https://spor.ema.europa.eu/v1/lists/200000003199",
                "display": "Aluminium"
              }
            ]
          }
        ],
        "containedItem": [
          {
            "item": {
              "reference": {
                "reference": "ManufacturedItemDefinition/Agen-5mg-Tablet-EE-MID"
              }
            },
            "amount": {
              "value": 30
            }
          }
        ]
      }
    ]
  }
}
