{
  "resourceType": "ValueSet",
  "id": "route-of-administration",
  "url": "http://unicom-project.eu/fhir/ValueSet/route-of-administration",
  "title": "EDQM Route of Administration",
  "description": "ValueSet Route of administration from EDQM, ROA, see https://standardterms.edqm.eu/#",
  "name": "RouteOfAdministration",
  "status": "active",
  "experimental": false,
  "immutable": false,
  "compose": {
    "include": [
      {
        "system": "https://standardterms.edqm.eu",
        "concept": [
          {
            "code": "20001000",
            "display": "Auricular use",
            "designation": [
              {
                "language": "de",
                "value": "Anwendung am Ohr"
              },
              {
                "language": "el",
                "value": "Ωτική χρήση"
              },
              {
                "language": "es",
                "value": "Vía ótica"
              },
              {
                "language": "fr",
                "value": "Voie auriculaire"
              },
              {
                "language": "it",
                "value": "Uso auricolare"
              },
              {
                "language": "pt",
                "value": "Uso auricular"
              }
            ]
          },
          {
            "code": "20002000",
            "display": "Beak dipping",
            "designation": [
              {
                "language": "de",
                "value": "Eintauchen des Schnabels"
              },
              {
                "language": "el",
                "value": "Χορήγηση με εμβάπτιση ράμφους"
              },
              {
                "language": "es",
                "value": "Administración por inmersión del pico"
              },
              {
                "language": "fr",
                "value": "Administration par trempage du bec"
              },
              {
                "language": "it",
                "value": "Immersione del becco"
              },
              {
                "language": "pt",
                "value": "Uso aculear"
              }
            ]
          },
          {
            "code": "20002500",
            "display": "Buccal use",
            "designation": [
              {
                "language": "de",
                "value": "Buccale Anwendung"
              },
              {
                "language": "el",
                "value": "Παρειακή χορήγηση"
              },
              {
                "language": "es",
                "value": "Vía bucal"
              },
              {
                "language": "fr",
                "value": "Voie buccogingivale"
              },
              {
                "language": "it",
                "value": "Somministrazione buccale"
              },
              {
                "language": "pt",
                "value": "Uso bucal"
              }
            ]
          },
          {
            "code": "20003000",
            "display": "Cutaneous use",
            "designation": [
              {
                "language": "de",
                "value": "Anwendung auf der Haut"
              },
              {
                "language": "el",
                "value": "Δερματική χρήση"
              },
              {
                "language": "es",
                "value": "Uso cutáneo"
              },
              {
                "language": "fr",
                "value": "Voie cutanée"
              },
              {
                "language": "it",
                "value": "Uso cutaneo"
              },
              {
                "language": "pt",
                "value": "Uso cutâneo"
              }
            ]
          },
          {
            "code": "20004000",
            "display": "Dental use",
            "designation": [
              {
                "language": "de",
                "value": "dentale Anwendung"
              },
              {
                "language": "el",
                "value": "Οδοντική χρήση"
              },
              {
                "language": "es",
                "value": "Uso dental"
              },
              {
                "language": "fr",
                "value": "Voie dentaire"
              },
              {
                "language": "it",
                "value": "Uso dentale"
              },
              {
                "language": "pt",
                "value": "Uso dental"
              }
            ]
          },
          {
            "code": "20005000",
            "display": "Dipping",
            "designation": [
              {
                "language": "de",
                "value": "Badebehandlung"
              },
              {
                "language": "el",
                "value": "Εμβάπτιση"
              },
              {
                "language": "es",
                "value": "Baño"
              },
              {
                "language": "fr",
                "value": "Trempage"
              },
              {
                "language": "it",
                "value": "Immersione"
              },
              {
                "language": "pt",
                "value": "Banho medicamentoso"
              }
            ]
          },
          {
            "code": "20006000",
            "display": "Endocervical use",
            "designation": [
              {
                "language": "de",
                "value": "endozervikale Anwendung"
              },
              {
                "language": "el",
                "value": "Ενδοτραχηλική χρήση"
              },
              {
                "language": "es",
                "value": "Vía endocervical"
              },
              {
                "language": "fr",
                "value": "Voie endocervicale"
              },
              {
                "language": "it",
                "value": "Uso endocervicale"
              },
              {
                "language": "pt",
                "value": "Via endocervical"
              }
            ]
          },
          {
            "code": "20007000",
            "display": "Endosinusial use",
            "designation": [
              {
                "language": "de",
                "value": "Anwendung in den Nebenhöhlen"
              },
              {
                "language": "el",
                "value": "Ενδορρινοκολπική χρήση"
              },
              {
                "language": "es",
                "value": "Vía endosinusal"
              },
              {
                "language": "fr",
                "value": "Voie endosinusale"
              },
              {
                "language": "it",
                "value": "Uso endosinusiale"
              },
              {
                "language": "pt",
                "value": "Uso endossinusal"
              }
            ]
          },
          {
            "code": "20008000",
            "display": "Endotracheopulmonary use",
            "designation": [
              {
                "language": "de",
                "value": "endotracheopulmonale Anwendung"
              },
              {
                "language": "el",
                "value": "Ενδοτραχειοπνευμονική χρήση"
              },
              {
                "language": "es",
                "value": "Vía endotraqueopulmonar"
              },
              {
                "language": "fr",
                "value": "Voie endotrachéobronchique"
              },
              {
                "language": "it",
                "value": "Uso endotracheobronchiale"
              },
              {
                "language": "pt",
                "value": "Via endotraqueobrônquica"
              }
            ]
          },
          {
            "code": "20009000",
            "display": "Epidural use",
            "designation": [
              {
                "language": "de",
                "value": "epidurale Anwendung"
              },
              {
                "language": "el",
                "value": "Επισκληρίδιος χρήση"
              },
              {
                "language": "es",
                "value": "Vía epidural"
              },
              {
                "language": "fr",
                "value": "Voie péridurale"
              },
              {
                "language": "it",
                "value": "Uso epidurale"
              },
              {
                "language": "pt",
                "value": "Via epidural"
              }
            ]
          },
          {
            "code": "20010000",
            "display": "Epilesional use",
            "designation": [
              {
                "language": "de",
                "value": "zum Auftragen auf die Wunde"
              },
              {
                "language": "el",
                "value": "Χρήση επί της βλάβης"
              },
              {
                "language": "es",
                "value": "Uso epilesional"
              },
              {
                "language": "fr",
                "value": "Voie épilésionnelle"
              },
              {
                "language": "it",
                "value": "Uso epilesionale"
              },
              {
                "language": "pt",
                "value": "Uso epilesional"
              }
            ]
          },
          {
            "code": "20011000",
            "display": "Extraamniotic use",
            "designation": [
              {
                "language": "de",
                "value": "extraamniotische Anwendung"
              },
              {
                "language": "el",
                "value": "Εξωαμνιακή χρήση"
              },
              {
                "language": "es",
                "value": "Vía extraamniótica"
              },
              {
                "language": "fr",
                "value": "Voie extra-amniotique"
              },
              {
                "language": "it",
                "value": "Uso extra-amniotico"
              },
              {
                "language": "pt",
                "value": "Via extra-amniótica"
              }
            ]
          },
          {
            "code": "20011500",
            "display": "Extracorporeal use",
            "designation": [
              {
                "language": "de",
                "value": "extrakorporale Anwendung"
              },
              {
                "language": "el",
                "value": "Εξωσωματική χρήση"
              },
              {
                "language": "es",
                "value": "Uso extracorporal"
              },
              {
                "language": "fr",
                "value": "Voie extracorporelle"
              },
              {
                "language": "it",
                "value": "Uso extracorporeo"
              },
              {
                "language": "pt",
                "value": "Uso extracorpóreo"
              }
            ]
          },
          {
            "code": "20012000",
            "display": "Foot-stab use",
            "designation": [
              {
                "language": "de",
                "value": "Fussstichapplikation"
              },
              {
                "language": "el",
                "value": "Χορήγηση με νύγμα πέλματος"
              },
              {
                "language": "es",
                "value": "Punción en la almohadilla plantar"
              },
              {
                "language": "fr",
                "value": "Administration par transfixion dans les pattes"
              },
              {
                "language": "it",
                "value": "Uso podale"
              },
              {
                "language": "pt",
                "value": "Uso intrapodal"
              }
            ]
          },
          {
            "code": "20013000",
            "display": "Gastroenteral use",
            "designation": [
              {
                "language": "de",
                "value": "gastrointestinale Anwendung"
              },
              {
                "language": "el",
                "value": "Γαστρεντερική χρήση"
              },
              {
                "language": "es",
                "value": "Vía gastroentérica"
              },
              {
                "language": "fr",
                "value": "Voie gastro-entérale"
              },
              {
                "language": "it",
                "value": "Uso gastrointestinale"
              },
              {
                "language": "pt",
                "value": "Via gastroentérica"
              }
            ]
          },
          {
            "code": "20013500",
            "display": "Gastric use",
            "designation": [
              {
                "language": "de",
                "value": "zur Anwendung mittels Magensonde"
              },
              {
                "language": "el",
                "value": "Γαστρική χρήση"
              },
              {
                "language": "es",
                "value": "uso gástrico"
              },
              {
                "language": "fr",
                "value": "Voie gastrique"
              },
              {
                "language": "it",
                "value": "Uso gastrico"
              },
              {
                "language": "pt",
                "value": "Via gástrica"
              }
            ]
          },
          {
            "code": "20014000",
            "display": "Gingival use",
            "designation": [
              {
                "language": "de",
                "value": "Anwendung am Zahnfleisch"
              },
              {
                "language": "el",
                "value": "Χρήση επί των ούλων"
              },
              {
                "language": "es",
                "value": "Uso gingival"
              },
              {
                "language": "fr",
                "value": "Voie gingivale"
              },
              {
                "language": "it",
                "value": "Uso gengivale"
              },
              {
                "language": "pt",
                "value": "Uso gengival"
              }
            ]
          },
          {
            "code": "20015000",
            "display": "Haemodialysis",
            "designation": [
              {
                "language": "de",
                "value": "Hämodialyse"
              },
              {
                "language": "el",
                "value": "Αιμοδιαπίδυση"
              },
              {
                "language": "es",
                "value": "Hemodiálisis"
              },
              {
                "language": "fr",
                "value": "Hémodialyse"
              },
              {
                "language": "it",
                "value": "Emodialisi"
              },
              {
                "language": "pt",
                "value": "Hemodiálise"
              }
            ]
          },
          {
            "code": "20015500",
            "display": "Implantation",
            "designation": [
              {
                "language": "de",
                "value": "zur Implantation"
              },
              {
                "language": "el",
                "value": "Εμφύτευση"
              },
              {
                "language": "es",
                "value": "Implantación"
              },
              {
                "language": "fr",
                "value": "Implantation"
              },
              {
                "language": "it",
                "value": "Impianto"
              },
              {
                "language": "pt",
                "value": "Implantação"
              }
            ]
          },
          {
            "code": "20015700",
            "display": "In drinking water use",
            "designation": [
              {
                "language": "de",
                "value": "zum Eingeben über das Trinkwasser"
              },
              {
                "language": "el",
                "value": "Χορήγηση με το πόσιμο νερό"
              },
              {
                "language": "es",
                "value": "Administración en agua de bebida"
              },
              {
                "language": "fr",
                "value": "Administration dans l'eau de boisson"
              },
              {
                "language": "it",
                "value": "Somministrazione in acqua da bere"
              },
              {
                "language": "pt",
                "value": "Administração na água de bebida"
              }
            ]
          },
          {
            "code": "20016000",
            "display": "In drinking water/milk use",
            "designation": [
              {
                "language": "de",
                "value": "zum Eingeben über das Trinkwasser/ die Milch"
              },
              {
                "language": "el",
                "value": "Χορήγηση με το πόσιμο νερό/γάλα"
              },
              {
                "language": "es",
                "value": "Administración en agua de bebida o en leche"
              },
              {
                "language": "fr",
                "value": "Administration dans l'eau de boisson/ le lait"
              },
              {
                "language": "it",
                "value": "Somministrazione in acqua da bere/latte"
              },
              {
                "language": "pt",
                "value": "Alimento medicamentoso líquido"
              }
            ]
          },
          {
            "code": "20017000",
            "display": "In ovo",
            "designation": [
              {
                "language": "de",
                "value": "in das Ei"
              },
              {
                "language": "el",
                "value": "in ovo χορήγηση"
              },
              {
                "language": "es",
                "value": "In ovo"
              },
              {
                "language": "fr",
                "value": "In ovo"
              },
              {
                "language": "it",
                "value": "In ovo"
              },
              {
                "language": "pt",
                "value": "Via transcoriónica"
              }
            ]
          },
          {
            "code": "20018000",
            "display": "In-feed use",
            "designation": [
              {
                "language": "de",
                "value": "zum Eingeben über das Futter"
              },
              {
                "language": "el",
                "value": "Χορήγηση εντός τροφής"
              },
              {
                "language": "es",
                "value": "Administración en el alimento"
              },
              {
                "language": "fr",
                "value": "Administration dans l'alimentation"
              },
              {
                "language": "it",
                "value": "Somministrazione con il mangime"
              },
              {
                "language": "pt",
                "value": "Alimento medicamentoso sólido"
              }
            ]
          },
          {
            "code": "20019000",
            "display": "In-hive use",
            "designation": [
              {
                "language": "de",
                "value": "Anwendung im Bienenstock"
              },
              {
                "language": "el",
                "value": "Ενδοκυψελική χρήση"
              },
              {
                "language": "es",
                "value": "Uso en las colmenas"
              },
              {
                "language": "fr",
                "value": "Traitement dans la ruche"
              },
              {
                "language": "it",
                "value": "Trattamento in alveare"
              },
              {
                "language": "pt",
                "value": "Aplicação apícola"
              }
            ]
          },
          {
            "code": "20019500",
            "display": "Infiltration",
            "designation": [
              {
                "language": "de",
                "value": "Infiltration"
              },
              {
                "language": "el",
                "value": "Διήθηση (ιατρ.)"
              },
              {
                "language": "es",
                "value": "Infiltración"
              },
              {
                "language": "fr",
                "value": "Infiltration"
              },
              {
                "language": "it",
                "value": "Infiltrazione"
              },
              {
                "language": "pt",
                "value": "Infiltração"
              }
            ]
          },
          {
            "code": "20020000",
            "display": "Inhalation use",
            "designation": [
              {
                "language": "de",
                "value": "zur Inhalation"
              },
              {
                "language": "el",
                "value": "Χρήση δια εισπνοής"
              },
              {
                "language": "es",
                "value": "Vía inhalatoria"
              },
              {
                "language": "fr",
                "value": "Voie inhalée"
              },
              {
                "language": "it",
                "value": "Uso inalatorio"
              },
              {
                "language": "pt",
                "value": "Via inalatoria"
              }
            ]
          },
          {
            "code": "20021000",
            "display": "Intestinal use",
            "designation": [
              {
                "language": "de",
                "value": "intestinale Anwendung"
              },
              {
                "language": "el",
                "value": "Εντερική χρήση"
              },
              {
                "language": "es",
                "value": "Uso intestinal"
              },
              {
                "language": "fr",
                "value": "Voie intestinale"
              },
              {
                "language": "it",
                "value": "Uso intestinale"
              },
              {
                "language": "pt",
                "value": "Via intestinal"
              }
            ]
          },
          {
            "code": "20022000",
            "display": "Intraamniotic use",
            "designation": [
              {
                "language": "de",
                "value": "intraamniotische Anwendung"
              },
              {
                "language": "el",
                "value": "Ενδοαμνιακή χρήση"
              },
              {
                "language": "es",
                "value": "Vía intraamniótica"
              },
              {
                "language": "fr",
                "value": "Voie intraamniotique"
              },
              {
                "language": "it",
                "value": "Uso intra-amniotico"
              },
              {
                "language": "pt",
                "value": "Via intra-amniótica"
              }
            ]
          },
          {
            "code": "20023000",
            "display": "Intraarterial use",
            "designation": [
              {
                "language": "de",
                "value": "intraarterielle Anwendung"
              },
              {
                "language": "el",
                "value": "Ενδοαρτηριακή χρήση"
              },
              {
                "language": "es",
                "value": "Vía intraarterial"
              },
              {
                "language": "fr",
                "value": "Voie intraartérielle"
              },
              {
                "language": "it",
                "value": "Uso endoarterioso"
              },
              {
                "language": "pt",
                "value": "Via intra-arterial"
              }
            ]
          },
          {
            "code": "20024000",
            "display": "Intraarticular use",
            "designation": [
              {
                "language": "de",
                "value": "intraartikuläre Anwendung"
              },
              {
                "language": "el",
                "value": "Ενδοαρθρική χρήση"
              },
              {
                "language": "es",
                "value": "Vía intraarticular"
              },
              {
                "language": "fr",
                "value": "Voie intraarticulaire"
              },
              {
                "language": "it",
                "value": "Uso intra-articolare"
              },
              {
                "language": "pt",
                "value": "Via intra-articular"
              }
            ]
          },
          {
            "code": "20025000",
            "display": "Intrabursal use",
            "designation": [
              {
                "language": "de",
                "value": "intrabursale Anwendung"
              },
              {
                "language": "el",
                "value": "Ενδοθυλακική χρήση"
              },
              {
                "language": "es",
                "value": "Vía intrasinovial"
              },
              {
                "language": "fr",
                "value": "Voie intrabursale"
              },
              {
                "language": "it",
                "value": "Uso intrabursale"
              },
              {
                "language": "pt",
                "value": "Via intrassinovial"
              }
            ]
          },
          {
            "code": "20025500",
            "display": "Intracameral use",
            "designation": [
              {
                "language": "de",
                "value": "intrakamerale Anwendung"
              },
              {
                "language": "el",
                "value": "Χορήγηση ενδοθαλαμική στον οφθαλμικό"
              },
              {
                "language": "es",
                "value": "Uso intracameral"
              },
              {
                "language": "fr",
                "value": "Voie intracamérulaire"
              },
              {
                "language": "it",
                "value": "Uso intracamerale"
              },
              {
                "language": "pt",
                "value": "Via Intracameral"
              }
            ]
          },
          {
            "code": "20026000",
            "display": "Intracardiac use",
            "designation": [
              {
                "language": "de",
                "value": "intracardiale Anwendung"
              },
              {
                "language": "el",
                "value": "Ενδοκαρδιακή χρήση"
              },
              {
                "language": "es",
                "value": "Vía intracardiaca"
              },
              {
                "language": "fr",
                "value": "Voie intracardiaque"
              },
              {
                "language": "it",
                "value": "Uso intracardiaco"
              },
              {
                "language": "pt",
                "value": "Via intracardíaca"
              }
            ]
          },
          {
            "code": "20026500",
            "display": "Intracartilaginous use",
            "designation": [
              {
                "language": "de",
                "value": "intrakartilaginäre Anwendung"
              },
              {
                "language": "el",
                "value": "Ενδοχόνδρειος χορήγηση"
              },
              {
                "language": "es",
                "value": "Uso intracartilaginoso"
              },
              {
                "language": "fr",
                "value": "Voie intracartilagineuse"
              },
              {
                "language": "it",
                "value": "Uso intracartilagineo"
              },
              {
                "language": "pt",
                "value": "Via intracartilaginosa"
              }
            ]
          },
          {
            "code": "20027000",
            "display": "Intracavernous use",
            "designation": [
              {
                "language": "de",
                "value": "intrakavernöse Anwendung"
              },
              {
                "language": "el",
                "value": "Ενδοσηραγγική χρήση"
              },
              {
                "language": "es",
                "value": "Vía intracavernosa"
              },
              {
                "language": "fr",
                "value": "Voie intracaverneuse"
              },
              {
                "language": "it",
                "value": "Uso intracavernoso"
              },
              {
                "language": "pt",
                "value": "Via intracavernosa"
              }
            ]
          },
          {
            "code": "20027010",
            "display": "Intracerebral use",
            "designation": [
              {
                "language": "de",
                "value": "Intrazerebrale Anwendung"
              },
              {
                "language": "el",
                "value": "Ενδοεγκεφαλική χρήση"
              },
              {
                "language": "es",
                "value": "VÍA INTRACEREBRAL"
              },
              {
                "language": "fr",
                "value": "Voie intracérébrale"
              },
              {
                "language": "it",
                "value": "Uso intracerebrale"
              },
              {
                "language": "pt",
                "value": "Via intracerebral"
              }
            ]
          },
          {
            "code": "20028000",
            "display": "Intracervical use",
            "designation": [
              {
                "language": "de",
                "value": "intrazervikale Anwendung"
              },
              {
                "language": "el",
                "value": "Ενδοτραχηλική χρήση"
              },
              {
                "language": "es",
                "value": "Vía intracervical"
              },
              {
                "language": "fr",
                "value": "Voie intracervicale"
              },
              {
                "language": "it",
                "value": "Uso intracervicale"
              },
              {
                "language": "pt",
                "value": "Via intracervical"
              }
            ]
          },
          {
            "code": "20028300",
            "display": "Intracholangiopancreatic use",
            "designation": [
              {
                "language": "de",
                "value": "zur Anwendung in der Cholangiopankreatikographie"
              },
              {
                "language": "el",
                "value": "Ενδοχολαγγειοπαγκρεατική χρήση"
              },
              {
                "language": "es",
                "value": "Uso intracolangiopancreático"
              },
              {
                "language": "fr",
                "value": "Voie intracholangiopancréatique"
              },
              {
                "language": "it",
                "value": "Uso intracolangiopancreatico"
              },
              {
                "language": "pt",
                "value": "Via intracolangiopancreática"
              }
            ]
          },
          {
            "code": "20028500",
            "display": "Intracisternal use",
            "designation": [
              {
                "language": "de",
                "value": "intracisternale Anwendung"
              },
              {
                "language": "el",
                "value": "Χορήγηση ενδοκοιλιακή στο κεντρικό νευρικό σύστημα"
              },
              {
                "language": "es",
                "value": "Uso intracisternal"
              },
              {
                "language": "fr",
                "value": "Voie intracisternale"
              },
              {
                "language": "it",
                "value": "Uso intracisternale"
              },
              {
                "language": "pt",
                "value": "Via intracisternal"
              }
            ]
          },
          {
            "code": "20029000",
            "display": "Intracoronary use",
            "designation": [
              {
                "language": "de",
                "value": "intrakoronare Anwendung"
              },
              {
                "language": "el",
                "value": "Ενδοστεφανιαία χρήση"
              },
              {
                "language": "es",
                "value": "Vía intracoronaria"
              },
              {
                "language": "fr",
                "value": "Voie intracoronaire"
              },
              {
                "language": "it",
                "value": "Uso intracoronarico"
              },
              {
                "language": "pt",
                "value": "Via intracoronária"
              }
            ]
          },
          {
            "code": "20030000",
            "display": "Intradermal use",
            "designation": [
              {
                "language": "de",
                "value": "intradermale Anwendung"
              },
              {
                "language": "el",
                "value": "Ενδοδερμική χρήση"
              },
              {
                "language": "es",
                "value": "Vía intradérmica"
              },
              {
                "language": "fr",
                "value": "Voie intradermique"
              },
              {
                "language": "it",
                "value": "Uso intradermico"
              },
              {
                "language": "pt",
                "value": "Via intradérmica"
              }
            ]
          },
          {
            "code": "20031000",
            "display": "Intradiscal use",
            "designation": [
              {
                "language": "de",
                "value": "intradiskale Anwendung"
              },
              {
                "language": "el",
                "value": "Ενδομεσοσπονδύλια χρήση"
              },
              {
                "language": "es",
                "value": "Vía intradiscal"
              },
              {
                "language": "fr",
                "value": "Voie intradiscale"
              },
              {
                "language": "it",
                "value": "Uso intradiscale"
              },
              {
                "language": "pt",
                "value": "Via intradiscal"
              }
            ]
          },
          {
            "code": "20031500",
            "display": "Intraepidermal use",
            "designation": [
              {
                "language": "de",
                "value": "intraepidermale Anwendung"
              },
              {
                "language": "el",
                "value": "Ενδοεπιδερμική χρήση"
              },
              {
                "language": "es",
                "value": "Vía intraepidérmica"
              },
              {
                "language": "fr",
                "value": "Voie intraépidermique"
              },
              {
                "language": "it",
                "value": "Uso intraepidermico"
              },
              {
                "language": "pt",
                "value": "Via intraepidérmica"
              }
            ]
          },
          {
            "code": "20031700",
            "display": "Intraglandular use",
            "designation": [
              {
                "language": "de",
                "value": "intraglanduläre Anwendung"
              },
              {
                "language": "el",
                "value": "Ενδοαδενική χρήση"
              },
              {
                "language": "es",
                "value": "Uso intraglandular"
              },
              {
                "language": "fr",
                "value": "Voie intraglandulaire"
              },
              {
                "language": "it",
                "value": "Uso intraghiandolare"
              },
              {
                "language": "pt",
                "value": "Via intraglandular"
              }
            ]
          },
          {
            "code": "20032000",
            "display": "Intralesional use",
            "designation": [
              {
                "language": "de",
                "value": "intraläsionale Anwendung"
              },
              {
                "language": "el",
                "value": "Ενδοβλαβική χρήση"
              },
              {
                "language": "es",
                "value": "Vía intralesional"
              },
              {
                "language": "fr",
                "value": "Voie intralésionnelle"
              },
              {
                "language": "it",
                "value": "Uso intralesionale"
              },
              {
                "language": "pt",
                "value": "Uso intralesional"
              }
            ]
          },
          {
            "code": "20033000",
            "display": "Intralymphatic use",
            "designation": [
              {
                "language": "de",
                "value": "intralymphatische Anwendung"
              },
              {
                "language": "el",
                "value": "Ενδολεμφαγγειακή χρήση"
              },
              {
                "language": "es",
                "value": "Vía intralinfática"
              },
              {
                "language": "fr",
                "value": "Voie intralymphatique"
              },
              {
                "language": "it",
                "value": "Uso intralinfatico"
              },
              {
                "language": "pt",
                "value": "Via intralinfática"
              }
            ]
          },
          {
            "code": "20034000",
            "display": "Intramammary use",
            "designation": [
              {
                "language": "de",
                "value": "intramammäre Anwendung"
              },
              {
                "language": "el",
                "value": "Ενδομαστική οδός"
              },
              {
                "language": "es",
                "value": "Vía intramamaria"
              },
              {
                "language": "fr",
                "value": "Voie intramammaire"
              },
              {
                "language": "it",
                "value": "Per uso intramammario"
              },
              {
                "language": "pt",
                "value": "Via intramamária"
              }
            ]
          },
          {
            "code": "20035000",
            "display": "Intramuscular use",
            "designation": [
              {
                "language": "de",
                "value": "intramuskuläre Anwendung"
              },
              {
                "language": "el",
                "value": "Ενδομυική χρήση"
              },
              {
                "language": "es",
                "value": "Vía intramuscular"
              },
              {
                "language": "fr",
                "value": "Voie intramusculaire"
              },
              {
                "language": "it",
                "value": "Uso intramuscolare"
              },
              {
                "language": "pt",
                "value": "Via intramuscular"
              }
            ]
          },
          {
            "code": "20036000",
            "display": "Intraocular use",
            "designation": [
              {
                "language": "de",
                "value": "intraokulare Anwendung"
              },
              {
                "language": "el",
                "value": "Ενδοφθάλμια χορήγηση"
              },
              {
                "language": "es",
                "value": "Vía intraocular"
              },
              {
                "language": "fr",
                "value": "Voie intraoculaire"
              },
              {
                "language": "it",
                "value": "Uso intraoculare"
              },
              {
                "language": "pt",
                "value": "Uso intraocular"
              }
            ]
          },
          {
            "code": "20036500",
            "display": "Intraosseous use",
            "designation": [
              {
                "language": "de",
                "value": "intraossäre Anwendung"
              },
              {
                "language": "el",
                "value": "Ενδοοστική χρήση"
              },
              {
                "language": "es",
                "value": "Vía intraósea"
              },
              {
                "language": "fr",
                "value": "Voie intraosseuse"
              },
              {
                "language": "it",
                "value": "Uso intraosseo"
              },
              {
                "language": "pt",
                "value": "Uso intraósseo"
              }
            ]
          },
          {
            "code": "20037000",
            "display": "Intrapericardial use",
            "designation": [
              {
                "language": "de",
                "value": "Intraperikardial"
              },
              {
                "language": "el",
                "value": "Ενδοπερικαρδιακή χρήση"
              },
              {
                "language": "es",
                "value": "Vía intrapericárdica"
              },
              {
                "language": "fr",
                "value": "Voie intrapéricardiaque"
              },
              {
                "language": "it",
                "value": "Uso intrapericardico"
              },
              {
                "language": "pt",
                "value": "Via intrapericárdica"
              }
            ]
          },
          {
            "code": "20038000",
            "display": "Intraperitoneal use",
            "designation": [
              {
                "language": "de",
                "value": "intraperitoneale Anwendung"
              },
              {
                "language": "el",
                "value": "Ενδοπεριτοναϊκή χρήση"
              },
              {
                "language": "es",
                "value": "Vía intraperitoneal"
              },
              {
                "language": "fr",
                "value": "Voie intrapéritonéale"
              },
              {
                "language": "it",
                "value": "Uso intraperitoneale"
              },
              {
                "language": "pt",
                "value": "Via intraperitoneal"
              }
            ]
          },
          {
            "code": "20039000",
            "display": "Intrapleural use",
            "designation": [
              {
                "language": "de",
                "value": "intrapleurale Anwendung"
              },
              {
                "language": "el",
                "value": "Ενδοϋπεζωκοτική χρήση"
              },
              {
                "language": "es",
                "value": "Vía intrapleural"
              },
              {
                "language": "fr",
                "value": "Voie intrapleurale"
              },
              {
                "language": "it",
                "value": "Uso intrapleurico"
              },
              {
                "language": "pt",
                "value": "Via intrapleural"
              }
            ]
          },
          {
            "code": "20039200",
            "display": "Intraportal use",
            "designation": [
              {
                "language": "de",
                "value": "intraportale Anwendung"
              },
              {
                "language": "el",
                "value": "Ενδοπυλαία χρήση"
              },
              {
                "language": "es",
                "value": "Uso intraportal"
              },
              {
                "language": "fr",
                "value": "Voie intraportale"
              },
              {
                "language": "it",
                "value": "Uso intraportale"
              },
              {
                "language": "pt",
                "value": "Via intraportal"
              }
            ]
          },
          {
            "code": "20039500",
            "display": "Intraprostatic use",
            "designation": [
              {
                "language": "de",
                "value": "intraprostatische Anwendung"
              },
              {
                "language": "el",
                "value": "Ενδοπροστατική χρήση"
              },
              {
                "language": "es",
                "value": "Uso intraprostático"
              },
              {
                "language": "fr",
                "value": "Voie intraprostatique"
              },
              {
                "language": "it",
                "value": "Uso intraprostatico"
              },
              {
                "language": "pt",
                "value": "Via intraprostática"
              }
            ]
          },
          {
            "code": "20039800",
            "display": "Intrapulmonary use",
            "designation": [
              {
                "language": "de",
                "value": "intrapulmonale Anwendung"
              },
              {
                "language": "el",
                "value": "Ενδοπνευμονική χρήση"
              },
              {
                "language": "es",
                "value": "Uso intrapulmonar"
              },
              {
                "language": "fr",
                "value": "Voie intrabronchique"
              },
              {
                "language": "it",
                "value": "Uso intrabronchiale"
              },
              {
                "language": "pt",
                "value": "Via intrapulmonar"
              }
            ]
          },
          {
            "code": "20040000",
            "display": "Intraruminal use",
            "designation": [
              {
                "language": "de",
                "value": "intraruminale Anwendung"
              },
              {
                "language": "el",
                "value": "Ενδομεγαλοκοιλιοκή χρήση"
              },
              {
                "language": "es",
                "value": "Vía intrarruminal"
              },
              {
                "language": "fr",
                "value": "Voie intraruminale"
              },
              {
                "language": "it",
                "value": "Per uso intraruminale"
              },
              {
                "language": "pt",
                "value": "Via intrarruminal"
              }
            ]
          },
          {
            "code": "20041000",
            "display": "Intrasternal use",
            "designation": [
              {
                "language": "de",
                "value": "intrasternale Anwendung"
              },
              {
                "language": "el",
                "value": "Ενδοστερνική χρήση"
              },
              {
                "language": "es",
                "value": "Vía intraesternal"
              },
              {
                "language": "fr",
                "value": "Voie intrasternale"
              },
              {
                "language": "it",
                "value": "Uso intrasternale"
              },
              {
                "language": "pt",
                "value": "Via intraesternal"
              }
            ]
          },
          {
            "code": "20042000",
            "display": "Intrathecal use",
            "designation": [
              {
                "language": "de",
                "value": "intrathekale Anwendung"
              },
              {
                "language": "el",
                "value": "Ενδορραχιαία χρήση"
              },
              {
                "language": "es",
                "value": "Vía intratecal"
              },
              {
                "language": "fr",
                "value": "Voie intrathécale"
              },
              {
                "language": "it",
                "value": "Uso intratecale"
              },
              {
                "language": "pt",
                "value": "Via intratecal"
              }
            ]
          },
          {
            "code": "20043000",
            "display": "Intratumoral use",
            "designation": [
              {
                "language": "de",
                "value": "intratumorale Anwendung"
              },
              {
                "language": "el",
                "value": "Ενδοογκική χρήση"
              },
              {
                "language": "es",
                "value": "Vía intratumoral"
              },
              {
                "language": "fr",
                "value": "Voie intratumorale"
              },
              {
                "language": "it",
                "value": "Uso intratumorale"
              },
              {
                "language": "pt",
                "value": "Via intratumoral"
              }
            ]
          },
          {
            "code": "20044000",
            "display": "Intrauterine use",
            "designation": [
              {
                "language": "de",
                "value": "intrauterine Anwendung"
              },
              {
                "language": "el",
                "value": "Ενδομήτρια χρήση"
              },
              {
                "language": "es",
                "value": "Vía intrauterina"
              },
              {
                "language": "fr",
                "value": "Voie intra-utérine"
              },
              {
                "language": "it",
                "value": "Uso intrauterino"
              },
              {
                "language": "pt",
                "value": "Via intrauterina"
              }
            ]
          },
          {
            "code": "20045000",
            "display": "Intravenous use",
            "designation": [
              {
                "language": "de",
                "value": "intravenöse Anwendung"
              },
              {
                "language": "el",
                "value": "Ενδοφλέβια χρήση"
              },
              {
                "language": "es",
                "value": "Vía intravenosa"
              },
              {
                "language": "fr",
                "value": "Voie intraveineuse"
              },
              {
                "language": "it",
                "value": "Uso endovenoso"
              },
              {
                "language": "pt",
                "value": "Via intravenosa"
              }
            ]
          },
          {
            "code": "20046000",
            "display": "Intravesical use",
            "designation": [
              {
                "language": "de",
                "value": "intravesikale Anwendung"
              },
              {
                "language": "el",
                "value": "Ενδοκυστική χρήση"
              },
              {
                "language": "es",
                "value": "Vía intravesical"
              },
              {
                "language": "fr",
                "value": "Voie intravésicale"
              },
              {
                "language": "it",
                "value": "Uso endovescicale"
              },
              {
                "language": "pt",
                "value": "Via intravesical"
              }
            ]
          },
          {
            "code": "20047000",
            "display": "Intravitreal use",
            "designation": [
              {
                "language": "de",
                "value": "intravitreale Anwendung"
              },
              {
                "language": "el",
                "value": "Ενδοϋαλωδης χορήγηση"
              },
              {
                "language": "es",
                "value": "Vía intravítrea"
              },
              {
                "language": "fr",
                "value": "Voie intravitréenne"
              },
              {
                "language": "it",
                "value": "Uso intravitreo"
              },
              {
                "language": "pt",
                "value": "Uso intravítreo"
              }
            ]
          },
          {
            "code": "20047500",
            "display": "Iontophoresis",
            "designation": [
              {
                "language": "de",
                "value": "zur Iontophorese"
              },
              {
                "language": "el",
                "value": "Ιοντοφόρηση"
              },
              {
                "language": "es",
                "value": "Iontoforesis"
              },
              {
                "language": "fr",
                "value": "Iontophorèse"
              },
              {
                "language": "it",
                "value": "Iontoforesi"
              },
              {
                "language": "pt",
                "value": "Iontoforese"
              }
            ]
          },
          {
            "code": "20048000",
            "display": "Laryngopharyngeal use",
            "designation": [
              {
                "language": "de",
                "value": "zur Anwendung im Rachen und am Kehlkopf"
              },
              {
                "language": "el",
                "value": "Λαρυγγοφαρυγγική χρήση"
              },
              {
                "language": "es",
                "value": "Uso laringofaríngeo"
              },
              {
                "language": "fr",
                "value": "Voie laryngopharyngée"
              },
              {
                "language": "it",
                "value": "Uso laringofaringeo"
              },
              {
                "language": "pt",
                "value": "Uso laringofaríngeo"
              }
            ]
          },
          {
            "code": "20048500",
            "display": "Nail use"
          },
          {
            "code": "20049000",
            "display": "Nasal use",
            "designation": [
              {
                "language": "de",
                "value": "nasale Anwendung"
              },
              {
                "language": "el",
                "value": "Ρινική χρήση"
              },
              {
                "language": "es",
                "value": "Vía nasal"
              },
              {
                "language": "fr",
                "value": "Voie nasale"
              },
              {
                "language": "it",
                "value": "Uso nasale"
              },
              {
                "language": "pt",
                "value": "Via nasal"
              }
            ]
          },
          {
            "code": "20050000",
            "display": "Nebulisation use",
            "designation": [
              {
                "language": "de",
                "value": "zum Vernebeln"
              },
              {
                "language": "el",
                "value": "Χορήγηση με εκνέφωση"
              },
              {
                "language": "es",
                "value": "Nebulización"
              },
              {
                "language": "fr",
                "value": "Administration par nébulisation"
              },
              {
                "language": "it",
                "value": "Nebulizzazione"
              },
              {
                "language": "pt",
                "value": "Nebulização"
              }
            ]
          },
          {
            "code": "20051000",
            "display": "Ocular use",
            "designation": [
              {
                "language": "de",
                "value": "Anwendung am Auge"
              },
              {
                "language": "el",
                "value": "Οφθαλμική χρήση"
              },
              {
                "language": "es",
                "value": "Vía oftálmica"
              },
              {
                "language": "fr",
                "value": "Voie ophtalmique"
              },
              {
                "language": "it",
                "value": "Uso oftalmico"
              },
              {
                "language": "pt",
                "value": "Uso oftálmico"
              }
            ]
          },
          {
            "code": "20052000",
            "display": "Oculonasal use",
            "designation": [
              {
                "language": "de",
                "value": "okulonasale Anwendung"
              },
              {
                "language": "el",
                "value": "Οφθαλμορρινική ενστάλλαξη"
              },
              {
                "language": "es",
                "value": "Vía oculonasal"
              },
              {
                "language": "fr",
                "value": "Voie oculonasale"
              },
              {
                "language": "it",
                "value": "Per uso oculonasale"
              },
              {
                "language": "pt",
                "value": "Via oculonasal"
              }
            ]
          },
          {
            "code": "20053000",
            "display": "Oral use",
            "designation": [
              {
                "language": "de",
                "value": "zum Einnehmen"
              },
              {
                "language": "el",
                "value": "Από στόματος χρήση"
              },
              {
                "language": "es",
                "value": "Vía oral"
              },
              {
                "language": "fr",
                "value": "Voie orale"
              },
              {
                "language": "it",
                "value": "Uso orale"
              },
              {
                "language": "pt",
                "value": "Via oral"
              }
            ]
          },
          {
            "code": "20054000",
            "display": "Oromucosal use",
            "designation": [
              {
                "language": "de",
                "value": "Anwendung in der Mundhöhle"
              },
              {
                "language": "el",
                "value": "Χρήση στο στοματικό βλεννογόνο"
              },
              {
                "language": "es",
                "value": "Vía bucal"
              },
              {
                "language": "fr",
                "value": "Voie buccale"
              },
              {
                "language": "it",
                "value": "Per mucosa orale"
              },
              {
                "language": "pt",
                "value": "Via bucal"
              }
            ]
          },
          {
            "code": "20055000",
            "display": "Oropharyngeal use",
            "designation": [
              {
                "language": "de",
                "value": "zur Anwendung im Mund- und Rachenraum"
              },
              {
                "language": "el",
                "value": "Στοματοφαρυγγική χρήση"
              },
              {
                "language": "es",
                "value": "Uso bucofaríngeo"
              },
              {
                "language": "fr",
                "value": "Voie oropharyngée"
              },
              {
                "language": "it",
                "value": "Uso orofaringeo"
              },
              {
                "language": "pt",
                "value": "Uso orofaríngeo"
              }
            ]
          },
          {
            "code": "20056000",
            "display": "Paravertebral use",
            "designation": [
              {
                "language": "de",
                "value": "paravertebrale Anwendung"
              },
              {
                "language": "el",
                "value": "Παρασπονδυλική χρήση"
              },
              {
                "language": "es",
                "value": "Vía paravertebral"
              },
              {
                "language": "fr",
                "value": "Voie paravertébrale"
              },
              {
                "language": "it",
                "value": "Uso paravertebrale"
              },
              {
                "language": "pt",
                "value": "Via paravertebral"
              }
            ]
          },
          {
            "code": "20057000",
            "display": "Periarticular use",
            "designation": [
              {
                "language": "de",
                "value": "periartikuläre Anwendung"
              },
              {
                "language": "el",
                "value": "Περιαρθρική χρήση"
              },
              {
                "language": "es",
                "value": "Vía periarticular"
              },
              {
                "language": "fr",
                "value": "Voie périarticulaire"
              },
              {
                "language": "it",
                "value": "Uso periarticolare"
              },
              {
                "language": "pt",
                "value": "Via periarticular"
              }
            ]
          },
          {
            "code": "20058000",
            "display": "Perineural use",
            "designation": [
              {
                "language": "de",
                "value": "perineurale Anwendung"
              },
              {
                "language": "el",
                "value": "Περινευρική χρήση"
              },
              {
                "language": "es",
                "value": "Vía perineural"
              },
              {
                "language": "fr",
                "value": "Voie périneurale"
              },
              {
                "language": "it",
                "value": "Uso perineurale"
              },
              {
                "language": "pt",
                "value": "Via perineural"
              }
            ]
          },
          {
            "code": "20059000",
            "display": "Periodontal use",
            "designation": [
              {
                "language": "de",
                "value": "periodontale Anwendung"
              },
              {
                "language": "el",
                "value": "Περιοδοντική χρήση"
              },
              {
                "language": "es",
                "value": "Uso periodontal"
              },
              {
                "language": "fr",
                "value": "Voie périodontale"
              },
              {
                "language": "it",
                "value": "Uso periodontale"
              },
              {
                "language": "pt",
                "value": "Uso periodontal"
              }
            ]
          },
          {
            "code": "20059300",
            "display": "Periosseous use",
            "designation": [
              {
                "language": "de",
                "value": "periossäre Anwendung"
              },
              {
                "language": "el",
                "value": "Περιοστική χρήση"
              },
              {
                "language": "es",
                "value": "Uso perióseo"
              },
              {
                "language": "fr",
                "value": "Voie périosseuse"
              },
              {
                "language": "it",
                "value": "Uso periosseo"
              },
              {
                "language": "pt",
                "value": "Via perióssea"
              }
            ]
          },
          {
            "code": "20059400",
            "display": "Peritumoral use",
            "designation": [
              {
                "language": "de",
                "value": "peritumorale Anwendung"
              },
              {
                "language": "el",
                "value": "Περιογκική χρήση"
              },
              {
                "language": "es",
                "value": "Uso peritumoral"
              },
              {
                "language": "fr",
                "value": "Voie péritumorale"
              },
              {
                "language": "it",
                "value": "Uso peritumorale"
              },
              {
                "language": "pt",
                "value": "Via peritumoral"
              }
            ]
          },
          {
            "code": "20059500",
            "display": "Posterior juxtascleral use",
            "designation": [
              {
                "language": "de",
                "value": "posteriore juxtasclerale Anwendung"
              },
              {
                "language": "el",
                "value": "Χρήση στο οπίσθιο μέρος του σκληρού χιτώνα"
              },
              {
                "language": "es",
                "value": "Vía yuxtaescleral posterior"
              },
              {
                "language": "fr",
                "value": "Voie juxta-sclérale postérieure"
              },
              {
                "language": "it",
                "value": "Uso iuxtasclerale posteriore"
              },
              {
                "language": "pt",
                "value": "Via justa-escleral posterior"
              }
            ]
          },
          {
            "code": "20060000",
            "display": "Pour-on use",
            "designation": [
              {
                "language": "de",
                "value": "Übergießen"
              },
              {
                "language": "el",
                "value": "Επίχυση"
              },
              {
                "language": "es",
                "value": "Unción dorsal continua"
              },
              {
                "language": "fr",
                "value": "Pour-on"
              },
              {
                "language": "it",
                "value": "Pour-on"
              },
              {
                "language": "pt",
                "value": "Unção contínua"
              }
            ]
          },
          {
            "code": "20061000",
            "display": "Rectal use",
            "designation": [
              {
                "language": "de",
                "value": "rektale Anwendung"
              },
              {
                "language": "el",
                "value": "Ορθική χρήση"
              },
              {
                "language": "es",
                "value": "Vía rectal"
              },
              {
                "language": "fr",
                "value": "Voie rectale"
              },
              {
                "language": "it",
                "value": "Uso rettale"
              },
              {
                "language": "pt",
                "value": "Via retal"
              }
            ]
          },
          {
            "code": "20061500",
            "display": "Retrobulbar use",
            "designation": [
              {
                "language": "de",
                "value": "retrobulbäre Anwendung"
              },
              {
                "language": "el",
                "value": "Οπισθοβολβική χρήση"
              },
              {
                "language": "es",
                "value": "Uso retrobulbar"
              },
              {
                "language": "fr",
                "value": "Voie rétrobulbaire"
              },
              {
                "language": "it",
                "value": "Uso retrobulbare"
              },
              {
                "language": "pt",
                "value": "Via retrobulbar"
              }
            ]
          },
          {
            "code": "20062000",
            "display": "Route of administration not applicable",
            "designation": [
              {
                "language": "de",
                "value": "Art der Anwendung nicht spezifizierbar"
              },
              {
                "language": "el",
                "value": "Οδός χορήγησης μη εφαρμοζόμενη ή μη εξειδικευόμενη"
              },
              {
                "language": "es",
                "value": "Otra vía"
              },
              {
                "language": "fr",
                "value": "Autre(s)"
              },
              {
                "language": "it",
                "value": "Via di somministrazione non specificabile"
              },
              {
                "language": "pt",
                "value": "Via de administração não especificada"
              }
            ]
          },
          {
            "code": "20063000",
            "display": "Skin scarification",
            "designation": [
              {
                "language": "de",
                "value": "Einritzen der Haut"
              },
              {
                "language": "el",
                "value": "Σκαριφισμός"
              },
              {
                "language": "es",
                "value": "Escarificación"
              },
              {
                "language": "fr",
                "value": "Scarification"
              },
              {
                "language": "it",
                "value": "Scarificazione"
              },
              {
                "language": "pt",
                "value": "Escarificação"
              }
            ]
          },
          {
            "code": "20064000",
            "display": "Spot-on use",
            "designation": [
              {
                "language": "de",
                "value": "Auftropfen"
              },
              {
                "language": "el",
                "value": "Επίχυση σε σημείο"
              },
              {
                "language": "es",
                "value": "Unción dorsal puntual"
              },
              {
                "language": "fr",
                "value": "Spot-on"
              },
              {
                "language": "it",
                "value": "Spot-on"
              },
              {
                "language": "pt",
                "value": "Unção punctiforme"
              }
            ]
          },
          {
            "code": "20065000",
            "display": "Subconjunctival use",
            "designation": [
              {
                "language": "de",
                "value": "subkonjunktivale Anwendung"
              },
              {
                "language": "el",
                "value": "Υποεπιπεφυκωτική χρήση"
              },
              {
                "language": "es",
                "value": "Vía subconjuntival"
              },
              {
                "language": "fr",
                "value": "Voie sous-conjonctivale"
              },
              {
                "language": "it",
                "value": "Uso subcongiuntivale"
              },
              {
                "language": "pt",
                "value": "Via subconjuntival"
              }
            ]
          },
          {
            "code": "20066000",
            "display": "Subcutaneous use",
            "designation": [
              {
                "language": "de",
                "value": "subkutane Anwendung"
              },
              {
                "language": "el",
                "value": "Υποδόρια χρήση"
              },
              {
                "language": "es",
                "value": "Vía subcutánea"
              },
              {
                "language": "fr",
                "value": "Voie sous-cutanée"
              },
              {
                "language": "it",
                "value": "Uso sottocutaneo"
              },
              {
                "language": "pt",
                "value": "Via subcutânea"
              }
            ]
          },
          {
            "code": "20067000",
            "display": "Sublingual use",
            "designation": [
              {
                "language": "de",
                "value": "Sublingual"
              },
              {
                "language": "el",
                "value": "Υπογλώσσια χρήοη"
              },
              {
                "language": "es",
                "value": "Vía sublingual"
              },
              {
                "language": "fr",
                "value": "Voie sublinguale"
              },
              {
                "language": "it",
                "value": "Uso sublinguale"
              },
              {
                "language": "pt",
                "value": "Via sublingual"
              }
            ]
          },
          {
            "code": "20067500",
            "display": "Submucosal use",
            "designation": [
              {
                "language": "de",
                "value": "submuköse Anwendung"
              },
              {
                "language": "el",
                "value": "Υποβλεννογόνειος χορήγηση"
              },
              {
                "language": "es",
                "value": "Vía submucosal"
              },
              {
                "language": "fr",
                "value": "Voie sous-muqueuse"
              },
              {
                "language": "it",
                "value": "Uso sottomucosale"
              },
              {
                "language": "pt",
                "value": "Via submucosa"
              }
            ]
          },
          {
            "code": "20068000",
            "display": "Teat use",
            "designation": [
              {
                "language": "de",
                "value": "Zitzenbehandlung"
              },
              {
                "language": "el",
                "value": "Θηλαία χρήση"
              },
              {
                "language": "es",
                "value": "Uso mamario externo"
              },
              {
                "language": "fr",
                "value": "Administration mammaire"
              },
              {
                "language": "it",
                "value": "Uso mammario"
              },
              {
                "language": "pt",
                "value": "Uso mamário externo"
              }
            ]
          },
          {
            "code": "20069000",
            "display": "Top-dressing use",
            "designation": [
              {
                "language": "de",
                "value": "Aufstreuen auf das Futter"
              },
              {
                "language": "el",
                "value": "Χορήγηση με επίπαση πάνω στην τροφή"
              },
              {
                "language": "es",
                "value": "Administración sobre el alimento"
              },
              {
                "language": "fr",
                "value": "Administration par saupoudrage sur l'alimentation"
              },
              {
                "language": "it",
                "value": "Somministrazione mediante dispersione superficiale sugli alimenti"
              },
              {
                "language": "pt",
                "value": "Dispersão superficial no alimento"
              }
            ]
          },
          {
            "code": "20070000",
            "display": "Transdermal use",
            "designation": [
              {
                "language": "de",
                "value": "transdermale Anwendung"
              },
              {
                "language": "el",
                "value": "Διαδερμική χρήση"
              },
              {
                "language": "es",
                "value": "Vía transdérmica"
              },
              {
                "language": "fr",
                "value": "Voie transdermique"
              },
              {
                "language": "it",
                "value": "Uso transdermico"
              },
              {
                "language": "pt",
                "value": "Via transdérmica"
              }
            ]
          },
          {
            "code": "20071000",
            "display": "Urethral use",
            "designation": [
              {
                "language": "de",
                "value": "Anwendung in der Harnröhre"
              },
              {
                "language": "el",
                "value": "Ουρηθρική χρήση"
              },
              {
                "language": "es",
                "value": "Vía uretral"
              },
              {
                "language": "fr",
                "value": "Voie urétrale"
              },
              {
                "language": "it",
                "value": "Uso uretrale"
              },
              {
                "language": "pt",
                "value": "Via uretral"
              }
            ]
          },
          {
            "code": "20072000",
            "display": "Vaginal use",
            "designation": [
              {
                "language": "de",
                "value": "vaginale Anwendung"
              },
              {
                "language": "el",
                "value": "Κολπική χρήση"
              },
              {
                "language": "es",
                "value": "Vía vaginal"
              },
              {
                "language": "fr",
                "value": "Voie vaginale"
              },
              {
                "language": "it",
                "value": "Uso vaginale"
              },
              {
                "language": "pt",
                "value": "Uso vaginal"
              }
            ]
          },
          {
            "code": "20073000",
            "display": "Water-borne use",
            "designation": [
              {
                "language": "de",
                "value": "Anwendung im Wasser"
              },
              {
                "language": "el",
                "value": "Διυδατική χρήση"
              },
              {
                "language": "es",
                "value": "Uso en el medio acuático"
              },
              {
                "language": "fr",
                "value": "Balnéation dans l'eau"
              },
              {
                "language": "it",
                "value": "Trattamento per immersione"
              },
              {
                "language": "pt",
                "value": "Uso no meio aquático"
              }
            ]
          },
          {
            "code": "20074000",
            "display": "Wing-web-stab use",
            "designation": [
              {
                "language": "de",
                "value": "Flügelstichapplikation"
              },
              {
                "language": "el",
                "value": "Χορήγηση με νύγμα πτέρυγας"
              },
              {
                "language": "es",
                "value": "Punción en la membrana del ala"
              },
              {
                "language": "fr",
                "value": "Administration par transfixion"
              },
              {
                "language": "it",
                "value": "Puntura alare"
              },
              {
                "language": "pt",
                "value": "Inoculação alar"
              }
            ]
          },
          {
            "code": "20080000",
            "display": "Intracerebroventricular use",
            "designation": [
              {
                "language": "de",
                "value": "intracerebroventrikuläre Anwendung"
              },
              {
                "language": "el",
                "value": "Ενδοεγκεφαλοκοιλιακή χρήση"
              },
              {
                "language": "es",
                "value": "Vía intracerebroventricular"
              },
              {
                "language": "fr",
                "value": "Voie intracérébroventriculaire"
              },
              {
                "language": "it",
                "value": "Uso intracerebroventricolare"
              },
              {
                "language": "pt",
                "value": "Via intracerebroventricular"
              }
            ]
          },
          {
            "code": "20081000",
            "display": "Subretinal use",
            "designation": [
              {
                "language": "de",
                "value": "subretinale Anwendung"
              },
              {
                "language": "el",
                "value": "Υπαμφιβληστροειδική χρήση"
              },
              {
                "language": "es",
                "value": "Uso subretinal"
              },
              {
                "language": "fr",
                "value": "Voie subrétinale"
              },
              {
                "language": "it",
                "value": "Uso sottoretinico"
              },
              {
                "language": "pt",
                "value": "Via subretiniana"
              }
            ]
          },
          {
            "code": "20084000",
            "display": "Intracorneal use",
            "designation": [
              {
                "language": "de",
                "value": "intracorneale Anwendung"
              },
              {
                "language": "es",
                "value": "Vía intracorneal"
              },
              {
                "language": "fr",
                "value": "Voie intracornéenne"
              },
              {
                "language": "it",
                "value": "Uso intracorneale"
              },
              {
                "language": "pt",
                "value": "Via intracorneal"
              }
            ]
          },
          {
            "code": "20086000",
            "display": "Intraputaminal use",
            "designation": [
              {
                "language": "de",
                "value": "Intraputaminale Anwendung"
              },
              {
                "language": "es",
                "value": "Vía intraputaminal"
              },
              {
                "language": "it",
                "value": "Intraputaminale"
              },
              {
                "language": "pt",
                "value": "Via intraputaminal"
              }
            ]
          },
          {
            "code": "20087000",
            "display": "Extrapleural use",
            "designation": [
              {
                "language": "de",
                "value": "extrapleurale Anwendung"
              },
              {
                "language": "es",
                "value": "Vía extrapleural"
              },
              {
                "language": "fr",
                "value": "Voie extrapleurale"
              },
              {
                "language": "it",
                "value": "Uso extrapleurico"
              },
              {
                "language": "pt",
                "value": "Via extrapleural"
              }
            ]
          }
        ]
      }
    ]
  }
}
