{
  "resourceType": "ValueSet",
  "id": "packaging-category",
  "url": "http://unicom-project.eu/fhir/ValueSet/packaging-category",
  "title": "EDQM Packaging Category",
  "description": "ValueSet Packaging category from EDQM, PAC, see https://standardterms.edqm.eu/#",
  "name": "PackagingCategory",
  "status": "active",
  "experimental": false,
  "immutable": false,
  "compose": {
    "include": [
      {
        "system": "https://standardterms.edqm.eu",
        "concept": [
          {
            "code": "0001",
            "display": "Container"
          },
          {
            "code": "0002",
            "display": "Closure"
          },
          {
            "code": "0003",
            "display": "Administration device"
          }
        ]
      }
    ]
  }
}
